-4.004958271980285645e-01,-3.917809724807739258e-01,4.465281665325164795e-01,-5.457254052162170410e-01,6.702100038528442383e-01
1.631997187500000000e+05,1.291419875000000000e+06,1.478108750000000000e+05,7.777602343750000000e+04,2.822862500000000000e+05
-2.885088539123535156e+01,-3.390731430053710938e+01,1.353997349739074707e+00,-4.743498992919921875e+01,5.757727146148681641e+00
-1.342410766601562500e+03,2.201410369873046875e+02,-1.079332962036132812e+02,7.709677734375000000e+02,-6.733578491210937500e+01
-2.424530267715454102e+00,-1.021450195312500000e+02,2.137146759033203125e+01,-2.847673225402832031e+01,4.923381805419921875e+01
-4.064989566802978516e+00,-3.825014648437500000e+02,5.114570140838623047e+00,-4.261388549804687500e+02,-6.774868965148925781e-01
2.054332733154296875e+01,-1.084882324218750000e+03,-5.060782470703125000e+02,2.506932861328125000e+03,2.254476318359375000e+03
4.697139739990234375e+01,-5.931120117187500000e+03,-1.751221313476562500e+02,-2.845784179687500000e+03,1.438781890869140625e+02
-1.883024902343750000e+02,2.876107597351074219e+01,8.295580468750000000e+04,-2.231904296875000000e+02,-3.356260986328125000e+02
-1.203998947143554688e+02,-8.281971435546875000e+02,4.267579687500000000e+04,-1.119690551757812500e+02,2.299065113067626953e+00
-2.867010192871093750e+02,-2.244804229736328125e+02,2.311676483154296875e+02,-6.367058753967285156e+00,-2.541154861450195312e+00
-3.864923477172851562e+01,1.370397460937500000e+03,-1.547123336791992188e+01,-4.063975811004638672e-01,1.182802772521972656e+01
6.463645935058593750e+01,1.912586547851562500e+03,6.288349151611328125e+01,-2.851920776367187500e+02,3.250300407409667969e+00
-1.048375606536865234e+01,-2.039315986633300781e+01,-1.837810575962066650e-01,2.416542768478393555e+00,1.789679718017578125e+01
-6.028139591217041016e-02,-7.905398011207580566e-01,-1.706697463989257812e+01,-2.415174484252929688e+01,-5.672167968750000000e+02
-5.321283340454101562e+01,-8.764484524726867676e-01,-1.983530163764953613e+00,8.156538696289062500e+02,-6.776837921142578125e+01
-7.672587585449218750e+01,3.786360931396484375e+01,-8.848184967041015625e+01,-4.036712646484375000e+01,1.627833709716796875e+02
-5.474848937988281250e+01,-7.892414093017578125e+01,-9.287284088134765625e+01,-4.423930358886718750e+01,4.575559139251708984e+00
-4.873604583740234375e+01,-1.403727050781250000e+03,-8.388966321945190430e-01,-9.377014770507812500e+02,8.011685180664062500e+01
-4.157577343750000000e+04,-4.319825363159179688e+01,2.933038902282714844e+01,-4.115747558593750000e+03,1.873614349365234375e+02
-2.458062438964843750e+02,-6.923319244384765625e+01,-6.338989734649658203e-01,-2.178707763671875000e+03,5.210479259490966797e+00
-5.083694687500000000e+05,6.274817657470703125e+01,-5.714382171630859375e+01,7.499161243438720703e+00,1.506313934326171875e+02
-4.166045188903808594e-01,1.450785827636718750e+02,-3.614735603332519531e-01,2.808262252807617188e+01,5.666412353515625000e+00
-2.954147338867187500e+01,-3.977964843750000000e+04,-2.760519683361053467e-01,-9.105194335937500000e+03,2.431702636718750000e+03
-1.463643554687500000e+03,-1.977077026367187500e+02,-2.542469501495361328e-01,-3.302174377441406250e+02,9.061286010742187500e+02
-7.231173706054687500e+01,-1.232945175170898438e+02,-2.886581122875213623e-01,4.604545593261718750e+01,3.435349273681640625e+01
-2.027809143066406250e+01,-1.587320566177368164e+00,-2.659368515014648438e-01,9.914957427978515625e+01,6.245032310485839844e+00
-1.221004714965820312e+02,-8.545726013183593750e+01,1.737904357910156250e+01,1.488452625274658203e+01,8.814325714111328125e+01
-2.323312377929687500e+01,-1.555066943168640137e+00,-1.796513646841049194e-01,-5.718041381835937500e+02,6.403306007385253906e+00
-1.372593994140625000e+02,-1.498004317283630371e+00,-1.156429052352905273e-01,-9.413520812988281250e+01,-2.385385742187500000e+02
-1.860583686828613281e+01,-1.416770935058593750e+00,-6.105296313762664795e-03,1.084975433349609375e+02,6.595164775848388672e+00
3.203130006790161133e+00,-1.670974121093750000e+02,4.006082937121391296e-02,2.640687561035156250e+02,-1.000545959472656250e+02
-1.299018859863281250e+02,-1.416523337364196777e+00,1.332239955663681030e-01,1.531841945648193359e+01,-1.313684692382812500e+02
-1.753992614746093750e+02,-1.373805642127990723e+00,2.683681845664978027e-01,-2.234662475585937500e+02,7.158516883850097656e+00
-1.159749679565429688e+02,-6.661074829101562500e+01,-7.240872192382812500e+01,2.420989257812500000e+03,7.380844116210937500e+00
-3.199053573608398438e+01,-2.860271606445312500e+02,6.472882628440856934e-01,-8.964897155761718750e+01,-1.279900054931640625e+02
-3.103269653320312500e+02,-1.103095889091491699e+00,2.175971746444702148e+00,8.516796112060546875e+01,7.828471183776855469e+00
-2.618824958801269531e+01,-9.718675613403320312e-01,8.505651950836181641e-01,-4.711753906250000000e+04,1.228553962707519531e+01
-1.891195526123046875e+02,-8.229696750640869141e-01,9.637202024459838867e-01,1.625993774414062500e+03,8.243490219116210938e+00
-5.087572860717773438e+01,-5.479382324218750000e+01,1.116205573081970215e+00,8.418368530273437500e+01,8.408597946166992188e+00
-5.039245223999023438e+01,-4.779030084609985352e-01,1.202463507652282715e+00,1.221106872558593750e+02,8.548636436462402344e+00
3.426009750366210938e+01,-2.842845022678375244e-01,1.330653429031372070e+00,8.838830947875976562e+00,1.923194313049316406e+01
-1.001785430908203125e+02,-2.040832042694091797e-01,1.395263195037841797e+00,4.081476953125000000e+04,8.761864662170410156e+00
-1.974824142456054688e+01,-2.206659615039825439e-01,1.402796983718872070e+00,1.170505981445312500e+02,1.163941001892089844e+01
-1.066699447631835938e+02,-2.065155953168869019e-01,1.460059642791748047e+00,5.723336791992187500e+01,6.961237335205078125e+01
-1.483775024414062500e+02,-1.643247008323669434e-01,1.561985850334167480e+00,5.872101440429687500e+02,8.941372871398925781e+00
-1.058646621704101562e+02,-9.654165804386138916e-02,1.603242874145507812e+00,1.263597412109375000e+03,8.969874382019042969e+00
-1.897647094726562500e+01,-1.235928833484649658e-01,1.589988827705383301e+00,1.168932113647460938e+02,8.984865188598632812e+00
-1.137265396118164062e+01,-1.190219968557357788e-01,1.628388881683349609e+00,2.079421997070312500e+02,8.987471580505371094e+00
-1.208628273010253906e+01,-7.296478271484375000e+01,1.612638831138610840e+00,1.879721832275390625e+02,8.978720664978027344e+00
-5.751922988891601562e+01,-2.454520016908645630e-01,1.548213005065917969e+00,-7.777701568603515625e+01,8.959548950195312500e+00
-7.379777908325195312e+00,-2.574287056922912598e-01,1.540492773056030273e+00,7.119588470458984375e+01,8.930810928344726562e+00
-9.085332489013671875e+01,-3.294545288085937500e+02,1.483338236808776855e+00,1.805535766601562500e+03,8.893285751342773438e+00
-1.025514698028564453e+01,-1.936277598142623901e-01,1.482109189033508301e+00,1.531964206695556641e+01,2.097307739257812500e+02
-1.005180549621582031e+01,-2.392235994338989258e-01,1.430833816528320312e+00,4.597912788391113281e+00,8.794652938842773438e+00
-4.006832504272460938e+01,-3.638675212860107422e-01,1.334549069404602051e+00,-2.630783462524414062e+01,8.734783172607421875e+00
-1.280479621887207031e+01,-4.484414458274841309e-01,1.298056483268737793e+00,2.115688781738281250e+02,8.668614387512207031e+00
-1.214678192138671875e+02,-6.067257523536682129e-01,1.215098619461059570e+00,2.639595336914062500e+02,8.596635818481445312e+00
-3.150068092346191406e+01,-8.290970325469970703e-01,1.090343832969665527e+00,8.500967025756835938e+00,8.519295692443847656e+00
-1.016024875640869141e+01,-1.002880692481994629e+00,1.028189539909362793e+00,-6.241133422851562500e+02,4.426858520507812500e+01
-7.128161621093750000e+01,-1.238412141799926758e+00,9.221718907356262207e-01,3.580013732910156250e+02,8.350126266479492188e+00
-7.699517822265625000e+01,-1.527768492698669434e+00,7.766922116279602051e-01,5.641793823242187500e+02,8.259007453918457031e+00
-8.793202209472656250e+01,-1.864066481590270996e+00,5.957089066505432129e-01,1.107630825042724609e+01,8.163953781127929688e+00
3.151946640014648438e+01,-2.141922473907470703e+00,3.827821612358093262e-01,1.134077930450439453e+01,8.065245628356933594e+00
-2.183810424804687500e+01,-2.467658042907714844e+00,1.411142349243164062e-01,3.660017578125000000e+03,7.963140487670898438e+00
-3.511611557006835938e+01,-2.736093521118164062e+00,-2.630820870399475098e-02,1.116124629974365234e+01,7.857871532440185547e+00
-2.210599517822265625e+01,-2.952493906021118164e+00,-1.269246339797973633e-01,1.857712173461914062e+01,7.749651908874511719e+00
-1.867166900634765625e+02,-3.121636152267456055e+00,-1.674277633428573608e-01,2.394603515625000000e+04,7.638675212860107422e+00
-1.186232662200927734e+01,-3.247853755950927734e+00,-1.538387537002563477e-01,1.077962875366210938e+01,7.525118350982666016e+00
-7.475501251220703125e+01,-1.032524261474609375e+02,-9.157480299472808838e-02,3.242370986938476562e+01,7.409142494201660156e+00
-6.218464374542236328e+00,-3.386873722076416016e+00,-8.557245135307312012e-02,-8.789196014404296875e-01,7.290894508361816406e+00
-2.419224739074707031e+01,-3.406475067138671875e+00,-3.014249354600906372e-02,-3.926651954650878906e+00,7.302443981170654297e+00
-1.987302246093750000e+02,-3.396813631057739258e+00,-3.028370812535285950e-02,-3.640274353027343750e+02,7.300092697143554688e+00
1.209918289184570312e+02,-6.475848197937011719e+00,-8.043361455202102661e-02,5.999428176879882812e+01,7.285061836242675781e+00
-1.678092193603515625e+01,-3.507887363433837891e+00,-1.755869835615158081e-01,5.656768798828125000e+00,7.258459568023681641e+00
-6.768058300018310547e+00,-3.515345573425292969e+00,-2.112030386924743652e-01,1.056274604797363281e+01,7.221292972564697266e+00
-2.844149780273437500e+01,-3.494627237319946289e+00,-1.932396590709686279e-01,1.055736255645751953e+01,7.174476146697998047e+00
1.550667381286621094e+01,-3.448300600051879883e+00,-1.270582079887390137e-01,-1.146405982971191406e+01,7.118839740753173828e+00
-1.005129394531250000e+02,-3.378693342208862305e+00,-1.748324185609817505e-02,2.399852752685546875e+01,7.055137157440185547e+00
-3.196511459350585938e+01,-3.398972511291503906e+00,3.111947700381278992e-02,8.923693656921386719e+00,6.984052181243896484e+00
8.142372894287109375e+01,-8.729994297027587891e-01,1.248717606067657471e-01,6.701694488525390625e+01,7.038982868194580078e+00
-3.700049972534179688e+01,-3.463275909423828125e+00,1.592371463775634766e-01,1.074146842956542969e+01,7.075640678405761719e+00
-6.294541168212890625e+01,-3.609560489654541016e+00,1.401565670967102051e-01,5.910435485839843750e+01,7.095673561096191406e+00
-3.664869689941406250e+01,-3.819923400878906250e+00,7.297640293836593628e-02,2.842089462280273438e+01,7.100576877593994141e+00
-9.195290374755859375e+01,-3.983300447463989258e+00,-3.749192506074905396e-02,-2.345883789062500000e+02,7.091705799102783203e+00
-3.832049179077148438e+01,-4.104074954986572266e+00,-8.690555393695831299e-02,1.079260063171386719e+01,7.070290565490722656e+00
-5.348119735717773438e+00,-4.186215400695800781e+00,-8.137146383523941040e-02,6.534614562988281250e-01,7.037446498870849609e+00
-1.051335296630859375e+02,-4.233315467834472656e+00,-1.263960599899291992e-01,-2.982503128051757812e+01,6.994184494018554688e+00
-6.066453170776367188e+01,-4.248628139495849609e+00,-2.169224321842193604e-01,4.068058013916015625e+01,6.941421508789062500e+00
-1.507095031738281250e+02,-4.343250274658203125e+00,-3.483995795249938965e-01,1.091691493988037109e+01,6.879989147186279297e+00
-6.911507415771484375e+01,-4.401659011840820312e+00,-5.167317986488342285e-01,1.092615032196044922e+01,6.810640811920166016e+00
-1.177133941650390625e+01,-4.427227973937988281e+00,-6.182262301445007324e-01,4.605870819091796875e+01,6.734060287475585938e+00
-1.859347152709960938e+01,-4.423009395599365234e+00,-6.595675349235534668e-01,-6.663958549499511719e+00,6.650866508483886719e+00
-3.718056488037109375e+01,-4.391766548156738281e+00,-7.467772364616394043e-01,-4.396021270751953125e+01,6.561621189117431641e+00
-9.180381011962890625e+01,-4.335999965667724609e+00,-7.752630710601806641e-01,1.101825046539306641e+01,6.466833591461181641e+00
-1.083226013183593750e+02,-4.257971763610839844e+00,-8.509023785591125488e-01,-4.140260696411132812e+00,6.366965293884277344e+00
7.639462471008300781e+00,-1.642356491088867188e+01,-9.689794778823852539e-01,1.113527107238769531e+01,6.262434005737304688e+00
-6.175244522094726562e+01,-4.254445075988769531e+00,-1.025246620178222656e+00,1.114795207977294922e+01,6.153619289398193359e+00
-3.047254562377929688e+01,-4.212295532226562500e+00,-1.125888466835021973e+00,1.118715286254882812e+01,6.040864467620849609e+00
-1.252991561889648438e+02,-4.146527290344238281e+00,-1.166464447975158691e+00,1.054633102416992188e+02,5.924480915069580078e+00
-1.592199554443359375e+02,-4.059324264526367188e+00,-1.152981400489807129e+00,-1.573359489440917969e+00,5.804751396179199219e+00
2.698934936523437500e+01,-3.952663183212280273e+00,-1.090845465660095215e+00,1.105762386322021484e+01,5.681931495666503906e+00
-8.851635742187500000e+01,-3.828331232070922852e+00,-9.849222302436828613e-01,1.105245685577392578e+01,5.556253433227539062e+00
2.237173271179199219e+01,-3.800672292709350586e+00,-9.395924806594848633e-01,1.102200412750244141e+01,5.427927494049072266e+00
-4.041788482666015625e+01,-3.747856378555297852e+00,-8.487949371337890625e-01,6.408603668212890625e+00,5.297144412994384766e+00
1.701266479492187500e+01,-3.672224521636962891e+00,-7.170765399932861328e-01,7.575057029724121094e+00,5.164077281951904297e+00
-2.009179687500000000e+02,-3.575894117355346680e+00,-5.485295057296752930e-01,1.080130577087402344e+01,5.028882503509521484e+00
-8.569951629638671875e+01,-3.460779190063476562e+00,-3.468367457389831543e-01,1.079576873779296875e+01,5.040839672088623047e+00
-2.033008270263671875e+02,-3.441716670989990234e+00,-2.153140455484390259e-01,2.211148452758789062e+01,5.037129878997802734e+00
-8.871826934814453125e+01,-3.396536588668823242e+00,-4.694327712059020996e-02,1.071073150634765625e+01,5.161018371582031250e+00
-1.146829605102539062e+02,-3.327680826187133789e+00,1.545906960964202881e-01,-2.843183517456054688e+00,5.258824348449707031e+00
-6.979272365570068359e+00,-3.237356901168823242e+00,3.859715461730957031e-01,1.032977962493896484e+01,5.332985401153564453e+00
-7.737723541259765625e+01,-3.127560377120971680e+00,6.442143917083740234e-01,1.063047504425048828e+01,5.385707855224609375e+00
-3.892167282104492188e+01,-3.000094890594482422e+00,9.266331195831298828e-01,1.058967971801757812e+01,5.418987751007080078e+00
-6.890553283691406250e+01,-2.856591224670410156e+00,1.230810046195983887e+00,1.052658843994140625e+01,5.574269294738769531e+00
-1.372178497314453125e+02,-2.813083887100219727e+00,1.454568862915039062e+00,1.044327640533447266e+01,5.700549125671386719e+00
-1.187009735107421875e+02,-2.745541095733642578e+00,1.605951547622680664e+00,8.873144149780273438e+00,5.800551891326904297e+00
-2.009446716308593750e+02,-2.656213283538818359e+00,1.792196035385131836e+00,-3.678941726684570312e-01,6.012535572052001953e+00
-3.195644950866699219e+01,-2.547134160995483398e+00,1.909815788269042969e+00,1.008989810943603516e+01,6.190267562866210938e+00
-1.912933044433593750e+02,-2.420141696929931641e+00,2.065673828125000000e+00,-1.033841171264648438e+02,6.336981296539306641e+00
-3.070605468750000000e+02,-2.276896953582763672e+00,2.255946159362792969e+00,1.754736938476562500e+02,6.588401317596435547e+00
-4.422006225585937500e+01,-2.234168291091918945e+00,2.377191066741943359e+00,-6.223880767822265625e+00,6.801954269409179688e+00
-8.425759887695312500e+01,-2.167146205902099609e+00,2.536311388015747070e+00,1.546948337554931641e+01,6.981225490570068359e+00
-1.270589065551757812e+02,-2.191978931427001953e+00,2.629519701004028320e+00,9.816323280334472656e+00,7.129457473754882812e+00
-5.364325714111328125e+01,-2.186091184616088867e+00,2.763407230377197266e+00,9.776812553405761719e+00,7.381227016448974609e+00
-4.967378616333007812e+01,-2.265070438385009766e+00,2.833905935287475586e+00,1.673761749267578125e+02,7.595198154449462891e+00
-4.937141799926757812e+01,-2.308197736740112305e+00,2.847354650497436523e+00,9.631490707397460938e+00,1.236911773681640625e+01
-6.828965759277343750e+01,-2.318882703781127930e+00,2.809458494186401367e+00,1.938847351074218750e+02,7.923744201660156250e+00
-6.532153320312500000e+01,-2.300204992294311523e+00,2.825351953506469727e+00,9.378591918945312500e+01,8.175101280212402344e+00
-5.019289016723632812e+01,-2.367834568023681641e+00,2.789655923843383789e+00,2.273963928222656250e+01,8.388792991638183594e+00
-1.064376068115234375e+02,-2.511926174163818359e+00,2.707529544830322266e+00,9.286412048339843750e+01,8.568397521972656250e+00
3.182316398620605469e+01,-2.723741531372070312e+00,2.583615779876708984e+00,-8.521191596984863281e+00,8.717150688171386719e+00
-4.368884658813476562e+01,-2.887142896652221680e+00,2.422093391418457031e+00,1.366573143005371094e+01,8.837977409362792969e+00
-6.269347763061523438e+01,-3.006767511367797852e+00,2.226723194122314453e+00,1.110049629211425781e+01,8.933522224426269531e+00
-3.182835197448730469e+01,-5.957758178710937500e+02,2.100890159606933594e+00,8.718302726745605469e+00,9.006174087524414062e+00
-9.193811035156250000e+01,-3.131033658981323242e+00,2.037640333175659180e+00,8.598357200622558594e+00,9.058094978332519531e+00
-4.297377395629882812e+01,-3.253962039947509766e+00,1.930715560913085938e+00,-2.505217552185058594e+00,9.091237068176269531e+00
3.850916290283203125e+01,-3.337020635604858398e+00,1.884483218193054199e+00,1.247527599334716797e+00,9.107366561889648438e+00
-5.931461334228515625e+01,-3.494310379028320312e+00,1.792874097824096680e+00,8.359740257263183594e+00,1.257599792480468750e+02
-4.030842590332031250e+01,-3.608492136001586914e+00,1.660425901412963867e+00,8.275486946105957031e+00,5.936967086791992188e+01
-8.181163787841796875e+01,-3.683696746826171875e+00,1.591222524642944336e+00,3.339544296264648438e+01,9.068879127502441406e+00
-6.907791614532470703e+00,-3.723653554916381836e+00,1.478939533233642578e+00,8.259442329406738281e+00,9.031450271606445312e+00
-8.440847778320312500e+01,-3.731730222702026367e+00,1.327884793281555176e+00,-1.470871448516845703e+01,8.537774658203125000e+01
-1.002470932006835938e+02,-3.710967540740966797e+00,1.141935586929321289e+00,8.251622200012207031e+00,8.926268577575683594e+00
-1.963247833251953125e+02,-3.664110660552978516e+00,1.024581313133239746e+00,8.259817123413085938e+00,-2.235142669677734375e+02
-1.635244560241699219e+01,-3.706021308898925781e+00,8.689624667167663574e-01,1.175569152832031250e+01,8.927038192749023438e+00
-7.016652679443359375e+01,-3.715833663940429688e+00,7.789055109024047852e-01,8.194931983947753906e+00,8.973345756530761719e+00
-6.466481781005859375e+01,-3.696613311767578125e+00,6.478542685508728027e-01,8.126916885375976562e+00,9.001196861267089844e+00
-1.042364959716796875e+02,-3.651128292083740234e+00,5.799081325531005859e-01,-2.433027954101562500e+02,8.552738952636718750e+01
-3.311419677734375000e+01,-3.694334983825683594e+00,4.687566161155700684e-01,3.177070999145507812e+01,9.008329391479492188e+00
-1.012718353271484375e+02,-3.705290555953979492e+00,3.187202811241149902e-01,1.104463424682617188e+02,-7.216856002807617188e+00
-7.362062835693359375e+01,-3.687079429626464844e+00,1.336876153945922852e-01,7.965047836303710938e+00,9.099525451660156250e+00
6.097621917724609375e-01,-3.642485618591308594e+00,-8.284182846546173096e-02,8.316562652587890625e+01,9.183988571166992188e+00
-4.208355712890625000e+01,-3.574022531509399414e+00,-2.277183234691619873e-01,3.913860559463500977e+00,9.246321678161621094e+00
-3.959197616577148438e+01,-3.483958721160888672e+00,-4.081071615219116211e-01,1.260743255615234375e+02,9.288626670837402344e+00
-3.827283859252929688e+01,-3.374342441558837891e+00,-5.204570889472961426e-01,-3.559195518493652344e+00,4.889821243286132812e+01
-4.909333419799804688e+01,-3.247022151947021484e+00,-5.715720653533935547e-01,7.527235984802246094e+00,9.320561408996582031e+00
-5.638886642456054688e+01,-3.217924594879150391e+00,-6.675755381584167480e-01,7.470537185668945312e+00,9.313455581665039062e+00
-1.316047821044921875e+02,-3.163361310958862305e+00,-7.039786577224731445e-01,2.537338256835937500e+01,9.292883872985839844e+00
-1.478074340820312500e+02,-3.085760593414306641e+00,-6.867414712905883789e-01,5.939346313476562500e+01,9.260110855102539062e+00
-2.652011871337890625e+01,-2.987313985824584961e+00,-6.212279796600341797e-01,7.176313877105712891e+00,9.216277122497558594e+00
-2.634123229980468750e+01,-2.869999885559082031e+00,-5.122658610343933105e-01,7.043181896209716797e+00,9.162415504455566406e+00
-4.058118820190429688e+01,-2.735603809356689453e+00,-3.641999959945678711e-01,1.334944343566894531e+01,9.099456787109375000e+00
-2.214934921264648438e+01,-2.585736989974975586e+00,-1.809407323598861694e-01,6.733842849731445312e+00,9.028243064880371094e+00
-5.372604846954345703e+00,-2.537086009979248047e+00,-6.600739061832427979e-02,7.366461753845214844e+00,8.949534416198730469e+00
2.700599193572998047e+00,-2.578408241271972656e+00,-1.256737485527992249e-02,1.349684448242187500e+02,8.864017486572265625e+00
-2.834251594543457031e+01,-2.587339639663696289e+00,8.552861213684082031e-02,6.181039333343505859e+00,8.772312164306640625e+00
-8.232665061950683594e+00,-2.566991567611694336e+00,2.238149940967559814e-01,1.450731811523437500e+02,8.674979209899902344e+00
5.664851665496826172e+00,-2.520171642303466797e+00,3.982727229595184326e-01,7.995654296875000000e+01,8.572525024414062500e+00
2.738798141479492188e+01,-2.563169002532958984e+00,5.052846670150756836e-01,-9.497833251953125000e+01,8.465405464172363281e+00
-3.219868469238281250e+01,-2.573596715927124023e+00,6.515954136848449707e-01,5.433784484863281250e+00,8.500086784362792969e+00
-6.749283790588378906e+00,-2.667480945587158203e+00,7.332751154899597168e-01,5.304573535919189453e+00,8.516982078552246094e+00
-1.871281051635742188e+01,-2.723913669586181641e+00,8.567868471145629883e-01,5.159780502319335938e+00,8.517780303955078125e+00
-1.564046936035156250e+02,-2.858650207519531250e+00,9.179474115371704102e-01,5.000874042510986328e+00,8.504007339477539062e+00
-3.481069183349609375e+01,-2.952032089233398438e+00,1.022991895675659180e+00,-2.081163787841796875e+01,8.477041244506835938e+00
-5.667944335937500000e+01,-3.119538068771362305e+00,1.067531943321228027e+00,4.760181427001953125e+00,8.438124656677246094e+00
-4.320780944824218750e+01,-3.242574691772460938e+00,1.057618021965026855e+00,2.228528900146484375e+02,8.388381958007812500e+00
-8.295137405395507812e+00,-3.436339378356933594e+00,9.986954927444458008e-01,4.559740066528320312e+00,8.328826904296875000e+00
-6.385890197753906250e+01,-3.583154201507568359e+00,9.956651926040649414e-01,4.432198524475097656e+00,8.260375976562500000e+00
-3.146176528930664062e+01,-3.687564134597778320e+00,1.042937874794006348e+00,3.410643386840820312e+01,8.329818725585937500e+00
-1.325008087158203125e+02,-3.753669261932373047e+00,1.035483360290527344e+00,-7.020567321777343750e+01,8.378012657165527344e+00
-2.515388641357421875e+02,-3.896554946899414062e+00,9.787743091583251953e-01,1.763158111572265625e+02,8.406988143920898438e+00
-2.987125396728515625e+01,-3.997454881668090820e+00,9.777361154556274414e-01,4.386794090270996094e+00,8.418578147888183594e+00
-1.239904403686523438e+02,-4.060430526733398438e+00,1.026801705360412598e+00,5.030583858489990234e+00,8.557628631591796875e+00
-4.432003021240234375e+01,-4.089145660400390625e+00,1.120960712432861328e+00,-6.201353549957275391e+00,8.668766975402832031e+00
-8.816238403320312500e+00,-4.198631763458251953e+00,1.155703902244567871e+00,4.542348861694335938e+00,8.754674911499023438e+00
-1.671936416625976562e+01,-4.379988193511962891e+00,1.136972784996032715e+00,4.529988288879394531e+00,8.817773818969726562e+00
-9.220573425292968750e+00,-4.515704631805419922e+00,1.070114731788635254e+00,7.111020088195800781e-01,8.860248565673828125e+00
-9.575875854492187500e+01,-4.720293045043945312e+00,9.599425196647644043e-01,1.622382164001464844e+01,8.884072303771972656e+00
-8.672351837158203125e+00,-4.877046108245849609e+00,9.107875227928161621e-01,8.479953765869140625e+00,8.891026496887207031e+00
-1.190952014923095703e+01,-4.990602970123291016e+00,9.165480136871337891e-01,4.212717533111572266e+00,8.882719039916992188e+00
-8.497962951660156250e+01,-5.065148830413818359e+00,9.717324376106262207e-01,-2.921052551269531250e+01,8.860600471496582031e+00
-2.399081802368164062e+01,-5.104458808898925781e+00,9.713984131813049316e-01,7.540837860107421875e+01,8.825981140136718750e+00
-5.011374664306640625e+01,-5.111938476562500000e+00,1.021097779273986816e+00,6.634017944335937500e+00,8.780043601989746094e+00
-8.632312011718750000e+01,-5.090659618377685547e+00,1.015827178955078125e+00,4.739410400390625000e+00,8.723855972290039062e+00
-1.157069778442382812e+01,-5.043393611907958984e+00,1.061083674430847168e+00,3.861649513244628906e+00,8.658381462097167969e+00
-3.422344207763671875e+01,-4.972640037536621094e+00,1.051814556121826172e+00,-1.165451145172119141e+01,8.584489822387695312e+00
-7.967849254608154297e+00,-4.993251800537109375e+00,9.934723377227783203e-01,7.614403724670410156e+00,8.502966880798339844e+00
-3.327188110351562500e+01,-4.983796596527099609e+00,8.909643888473510742e-01,2.826381111145019531e+01,8.414520263671875000e+00
-8.358374786376953125e+01,-4.947175979614257812e+00,8.487071990966796875e-01,2.110950279235839844e+01,8.319790840148925781e+00
-9.389857482910156250e+01,-4.886006832122802734e+00,7.606757283210754395e-01,3.523980855941772461e+00,8.219355583190917969e+00
-7.491064071655273438e+00,-4.915250301361083984e+00,6.314474344253540039e-01,3.413667917251586914e+00,8.113736152648925781e+00
-7.363428115844726562e+00,-4.913560390472412109e+00,4.651419520378112793e-01,1.513432006835937500e+02,8.003401756286621094e+00
-8.829627227783203125e+01,-4.995806217193603516e+00,2.654670476913452148e-01,8.241241455078125000e+01,7.888778209686279297e+00
-2.231828689575195312e+01,-5.041993618011474609e+00,3.575965762138366699e-02,3.578579187393188477e+00,7.770248889923095703e+00
-3.964036560058593750e+01,-5.055615901947021484e+00,-1.209769994020462036e-01,-1.440085449218750000e+02,7.648159503936767578e+00
-2.018099975585937500e+01,-5.151478290557861328e+00,-3.120400011539459229e-01,-4.368745040893554688e+01,7.522822380065917969e+00
-7.317161560058593750e+00,-5.209974765777587891e+00,-4.339966773986816406e-01,9.771855354309082031e+00,7.394519805908203125e+00
-3.845935440063476562e+01,-5.234728336334228516e+00,-4.937576949596405029e-01,-2.471349239349365234e-01,7.263505935668945312e+00
-2.053360557556152344e+01,-5.229005813598632812e+00,-4.975426197052001953e-01,-1.997972488403320312e+01,7.130010604858398438e+00
-7.139955520629882812e+00,-5.195754051208496094e+00,-5.509490370750427246e-01,2.781208515167236328e+00,6.994241714477539062e+00
-6.478064727783203125e+01,-5.249842643737792969e+00,-6.490148305892944336e-01,2.081616821289062500e+02,6.856386184692382812e+00
-3.762764930725097656e-01,-5.270602703094482422e+00,-7.872740030288696289e-01,2.011143445968627930e+00,6.716612815856933594e+00
-5.730861663818359375e+01,-5.261262416839599609e+00,-8.617072701454162598e-01,1.741140937805175781e+01,6.575074195861816406e+00
-7.076875209808349609e+00,-5.224733352661132812e+00,-8.786972165107727051e-01,-2.138260498046875000e+02,6.431908607482910156e+00
-7.097116470336914062e+00,-5.163641452789306641e+00,-8.439881801605224609e-01,4.161315917968750000e+00,6.287240028381347656e+00
-7.100214004516601562e+00,-5.080354690551757812e+00,-7.627500891685485840e-01,2.228956222534179688e+00,6.296533584594726562e+00
-7.087810516357421875e+00,-4.977008819580078125e+00,-7.396357655525207520e-01,1.351807403564453125e+01,6.289628982543945312e+00
-9.156436920166015625e+00,-4.855529785156250000e+00,-6.688328981399536133e-01,-1.896607971191406250e+01,6.268076419830322266e+00
-1.511107482910156250e+02,-4.717654705047607422e+00,-6.551102995872497559e-01,6.840322113037109375e+01,6.233274936676025391e+00
-3.467640686035156250e+01,-4.564949989318847656e+00,-5.927599668502807617e-01,5.120637416839599609e+00,6.338433742523193359e+00
-2.824823188781738281e+01,-4.398828029632568359e+00,-4.866446852684020996e-01,2.313472270965576172e+00,1.265310821533203125e+02
-4.505689620971679688e+01,-4.220563411712646484e+00,-3.411409854888916016e-01,3.515403747558593750e+00,6.755259990692138672e+00
-8.336496353149414062e-01,-4.145985126495361328e+00,-2.601876258850097656e-01,-3.108467292785644531e+01,6.911574840545654297e+00
-1.647202682495117188e+01,-4.050338268280029297e+00,-2.373295873403549194e-01,5.331822395324707031e+00,7.037606716156005859e+00
-6.872951507568359375e+00,-3.935651063919067383e+00,-2.667573392391204834e-01,4.114110469818115234e+00,7.136286735534667969e+00
-7.831497192382812500e+00,-3.803751707077026367e+00,-3.432422876358032227e-01,5.745040416717529297e+00,7.210259437561035156e+00
-9.587001800537109375e+00,-3.656289100646972656e+00,-3.620787560939788818e-01,5.128014564514160156e+00,7.261910915374755859e+00
-6.897189617156982422e+00,-3.609460830688476562e+00,-4.290315806865692139e-01,5.792655467987060547e+00,7.293394088745117188e+00
-2.692430973052978516e+00,-3.652378797531127930e+00,-5.392891168594360352e-01,2.205953598022460938e+00,7.306651592254638672e+00
-7.271993160247802734e+00,-3.775311946868896484e+00,-6.885209083557128906e-01,-1.143661594390869141e+01,7.303435325622558594e+00
1.310960578918457031e+01,-3.969563484191894531e+00,-8.728294968605041504e-01,2.679603195190429688e+01,7.285326957702636719e+00
-7.795907020568847656e+00,-4.116598129272460938e+00,-1.088707208633422852e+00,7.576332092285156250e-01,7.253752231597900391e+00
-1.616348648071289062e+01,-4.332222938537597656e+00,-1.332997083663940430e+00,2.347966194152832031e+00,7.209998130798339844e+00
-1.140715217590332031e+01,-4.498600959777832031e+00,-1.502858042716979980e+00,4.554724693298339844e+00,7.155226230621337891e+00
-8.487597465515136719e+00,-4.620536804199218750e+00,-1.605732917785644531e+00,2.723618268966674805e+00,7.090483188629150391e+00
-8.646014213562011719e+00,-4.702362060546875000e+00,-1.648320317268371582e+00,4.441840648651123047e+00,7.016714572906494141e+00
-8.774093627929687500e+00,-4.747982501983642578e+00,-1.636648893356323242e+00,5.790634632110595703e+00,6.934772968292236328e+00
-1.115612869262695312e+02,-4.872921943664550781e+00,-1.676144599914550781e+00,7.909658908843994141e+00,6.845427036285400391e+00
-5.699836730957031250e+01,-4.957484245300292969e+00,-1.761690735816955566e+00,4.087372207641601562e+01,6.749371051788330078e+00
-6.428816223144531250e+01,-5.005602359771728516e+00,-1.788682341575622559e+00,2.099670219421386719e+01,6.801362514495849609e+00
-8.993560791015625000e+01,-5.020823001861572266e+00,-1.762974739074707031e+00,3.812563657760620117e+00,6.982524871826171875e+00
-9.648402214050292969e+00,-5.118566513061523438e+00,-1.789837837219238281e+00,5.983084201812744141e+00,7.130877971649169922e+00
-4.183906555175781250e+01,-5.178596496582031250e+00,-1.864014625549316406e+00,1.646636199951171875e+01,7.249607086181640625e+00
-1.178904628753662109e+01,-5.204585552215576172e+00,-1.980773687362670898e+00,3.264470338821411133e+00,7.341585636138916016e+00
-1.307843170166015625e+02,-5.199844360351562500e+00,-2.135856866836547852e+00,2.614088439941406250e+01,7.409405231475830078e+00
-9.861211776733398438e+00,-5.167358398437500000e+00,-2.225431680679321289e+00,7.442244529724121094e+00,7.455404281616210938e+00
-9.866826057434082031e+00,-5.109819412231445312e+00,-2.256049156188964844e+00,2.197787761688232422e+00,7.481692314147949219e+00
-9.856981277465820312e+00,-5.142663002014160156e+00,-2.333604812622070312e+00,2.400734901428222656e+00,7.490171432495117188e+00
-9.833162307739257812e+00,-5.144087791442871094e+00,-2.353404998779296875e+00,-1.589228153228759766e+01,7.482557773590087891e+00
-9.796710968017578125e+00,-5.117148399353027344e+00,-2.321225166320800781e+00,-4.301720619201660156e+00,7.460399627685546875e+00
-9.748835563659667969e+00,-5.064598560333251953e+00,-2.242263317108154297e+00,-1.841414690017700195e+00,7.425093650817871094e+00
-9.690628051757812500e+00,-4.988921165466308594e+00,-2.121197700500488281e+00,2.479912996292114258e+00,7.377899169921875000e+00
-1.193782424926757812e+01,-4.892354011535644531e+00,-1.962238550186157227e+00,-2.049979591369628906e+01,7.319952011108398438e+00
-3.926508331298828125e+01,-4.776915550231933594e+00,-1.769175410270690918e+00,-1.105334281921386719e+01,7.252277374267578125e+00
-1.342859268188476562e+01,-4.644425392150878906e+00,-1.545418620109558105e+00,-5.885189056396484375e+00,7.175799846649169922e+00
-9.372759819030761719e+00,-4.610644340515136719e+00,-1.394037485122680664e+00,3.310216426849365234e+00,7.091353416442871094e+00
-7.647501945495605469e+00,-4.664974689483642578e+00,-1.307794451713562012e+00,-4.695916175842285156e-01,6.999689579010009766e+00
-9.460619926452636719e+00,-4.685700893402099609e+00,-1.280175685882568359e+00,3.748706340789794922e+00,6.901487350463867188e+00
-9.476086616516113281e+00,-4.676095008850097656e+00,-1.205318808555603027e+00,3.991748094558715820e+00,6.797358512878417969e+00
-9.475001335144042969e+00,-4.639107704162597656e+00,-1.087947607040405273e+00,1.130610942840576172e+01,6.687855243682861328e+00
-9.458959579467773438e+00,-4.577398777008056641e+00,-9.323135614395141602e-01,9.888736724853515625e+00,6.573474884033203125e+00
-9.429400444030761719e+00,-4.493365764617919922e+00,-7.422429323196411133e-01,4.163448810577392578e+00,6.454667091369628906e+00
-9.387621879577636719e+00,-4.389170646667480469e+00,-6.211794018745422363e-01,8.147044181823730469e+00,6.331836700439453125e+00
-9.334794998168945312e+00,-4.266761779785156250e+00,-4.622222185134887695e-01,4.587012767791748047e+00,6.205349445343017578e+00
-9.271975517272949219e+00,-4.127896308898925781e+00,-2.691607773303985596e-01,4.592105388641357422e+00,6.075534820556640625e+00
-4.950722503662109375e+01,-3.974157810211181641e+00,-1.454054713249206543e-01,2.554017066955566406e+01,5.942689895629882812e+00
-9.120076179504394531e+00,-3.921746253967285156e+00,-8.402567356824874878e-02,3.167415142059326172e+00,5.807083129882812500e+00
-9.032629966735839844e+00,-3.846005439758300781e+00,2.121613174676895142e-02,3.924322605133056641e+00,5.827082633972167969e+00
-9.090564727783203125e+00,-3.863275289535522461e+00,6.593376398086547852e-02,9.077965736389160156e+00,5.829504489898681641e+00
-1.153413963317871094e+01,-3.850413084030151367e+00,1.561796069145202637e-01,3.095723724365234375e+01,5.970161437988281250e+00
-5.093490123748779297e+00,-3.810352563858032227e+00,2.874008417129516602e-01,1.890431404113769531e+01,6.081575393676757812e+00
-7.208377838134765625e+01,-3.745738267898559570e+00,3.554999828338623047e-01,1.344940757751464844e+01,6.166590690612792969e+00
-1.238225173950195312e+01,-3.773001432418823242e+00,3.667892217636108398e-01,8.199746131896972656e+00,6.227771282196044922e+00
-2.071877670288085938e+01,-3.769138336181640625e+00,4.269495308399200439e-01,1.798895263671875000e+01,6.419451713562011719e+00
-9.065635681152343750e+00,-3.850642204284667969e+00,4.310938119888305664e-01,3.027647018432617188e+00,-2.823925476074218750e+02
-9.014080047607421875e+00,-3.076123046875000000e+02,4.848236441612243652e-01,1.044611740112304688e+01,6.852692604064941406e+00
-8.952299118041992188e+00,-3.907977104187011719e+00,4.831805229187011719e-01,2.444257497787475586e+00,7.086168766021728516e+00
-8.881270408630371094e+00,-4.003824234008789062e+00,4.317017197608947754e-01,3.150504350662231445e+00,7.281546115875244141e+00
2.772867202758789062e+00,-4.061876296997070312e+00,3.353708386421203613e-01,4.708521366119384766e+00,7.442540645599365234e+00
2.735976409912109375e+01,-4.085825443267822266e+00,1.986730545759201050e-01,3.769438934326171875e+01,7.572503566741943359e+00
1.914855003356933594e+00,-4.078999996185302734e+00,1.256450414657592773e-01,1.353488349914550781e+01,7.674457073211669922e+00
-9.365172386169433594e+00,-4.157781600952148438e+00,9.919829666614532471e-03,1.916229248046875000e+01,7.751126289367675781e+00
-4.198674774169921875e+01,-4.200443744659423828e+00,-4.423287510871887207e-02,4.228519916534423828e+00,7.804969310760498047e+00
-9.844257354736328125e+00,-4.210514068603515625e+00,-1.429702937602996826e-01,4.068762302398681641e+00,7.838201999664306641e+00
-1.002720069885253906e+01,-4.191172599792480469e+00,-1.818339824676513672e-01,6.921904563903808594e+00,8.003757476806640625e+00
-1.728674697875976562e+01,-4.258758068084716797e+00,-2.668112814426422119e-01,1.800028419494628906e+01,8.137887001037597656e+00
-1.029769229888916016e+01,-4.291320800781250000e+00,-2.932908535003662109e-01,3.524340629577636719e+00,8.243653297424316406e+00
-1.039133358001708984e+01,-4.292280673980712891e+00,-2.671225070953369141e-01,-9.752029418945312500e+00,8.323818206787109375e+00
-1.294804954528808594e+01,-4.264721393585205078e+00,-2.935709655284881592e-01,-1.229011058807373047e+01,8.380871772766113281e+00
-1.450318908691406250e+01,-4.211422443389892578e+00,-2.673746049404144287e-01,1.363565063476562500e+01,8.417059898376464844e+00
-2.831841659545898438e+01,-4.248699665069580078e+00,-2.937978506088256836e-01,3.784658193588256836e+00,1.722815551757812500e+02
-1.054659461975097656e+01,-4.253901004791259766e+00,-2.675787806510925293e-01,1.237519550323486328e+01,8.434740066528320312e+00
-2.260631179809570312e+01,-4.343427658081054688e+00,-2.939816117286682129e-01,2.083244514465332031e+01,8.419705390930175781e+00
-3.340184020996093750e+01,-4.395783901214599609e+00,-3.677441179752349854e-01,2.048751449584960938e+01,8.390787124633789062e+00
-1.048677825927734375e+01,-4.414604187011718750e+00,-3.841304183006286621e-01,1.690323257446289062e+01,8.349324226379394531e+00
-1.044141483306884766e+01,-4.516256332397460938e+00,-4.488780498504638672e-01,1.583198642730712891e+01,8.296525001525878906e+00
-1.038534355163574219e+01,-4.579568386077880859e+00,-4.571509361267089844e-01,9.528775215148925781e+00,8.233477592468261719e+00
-1.031959152221679688e+01,-4.608290672302246094e+00,-5.145965218544006348e-01,6.072529792785644531e+00,8.161163330078125000e+00
-1.024508571624755859e+01,-4.605803966522216797e+00,-5.162975788116455078e-01,-3.655367136001586914e+00,8.080468177795410156e+00
8.376722335815429688e-01,-4.575154781341552734e+00,-4.678285419940948486e-01,2.150644111633300781e+01,7.992189407348632812e+00
-1.007306957244873047e+01,-4.519089698791503906e+00,-3.742064237594604492e-01,4.719350337982177734e+00,7.897047519683837891e+00
-9.976991653442382812e+00,-4.440083503723144531e+00,-2.399465441703796387e-01,3.974076747894287109e+00,7.795691490173339844e+00
-9.875039100646972656e+00,-2.261398010253906250e+02,-6.911268830299377441e-02,1.890315818786621094e+01,7.688706398010253906e+00
1.866431045532226562e+01,-4.221950531005859375e+00,3.463781625032424927e-02,1.118277359008789062e+01,7.576620101928710938e+00
-1.009594154357910156e+01,-4.201119422912597656e+00,7.801328599452972412e-02,6.580345153808593750e+00,7.459908485412597656e+00
-1.023894691467285156e+01,-4.153859615325927734e+00,1.670511662960052490e-01,2.046357917785644531e+01,7.339000225067138672e+00
-1.035286235809326172e+01,-4.082746982574462891e+00,2.971852421760559082e-01,3.650280952453613281e+00,7.214282989501953125e+00
-1.044052410125732422e+01,-3.990103721618652344e+00,3.643059134483337402e-01,1.535505867004394531e+01,7.086105346679687500e+00
-1.050449085235595703e+01,-3.878022193908691406e+00,3.747145533561706543e-01,3.211889266967773438e+00,6.954781532287597656e+00
-1.054707050323486328e+01,-3.748388290405273438e+00,3.340823352336883545e-01,-3.565224885940551758e+00,6.820595741271972656e+00
-1.057034206390380859e+01,-3.602901935577392578e+00,3.475133180618286133e-01,1.462365436553955078e+01,6.683803558349609375e+00
-3.994691467285156250e+01,-3.443095207214355469e+00,4.096012115478515625e-01,5.407780456542968750e+01,6.544636249542236328e+00
-5.008586120605468750e+01,-3.270348548889160156e+00,4.154803156852722168e-01,8.288240432739257812e-01,6.403301239013671875e+00
-2.713201904296875000e+01,-3.085906744003295898e+00,3.707715272903442383e-01,1.221096420288085938e+01,6.259986400604248047e+00
-1.050519752502441406e+01,-2.890891075134277344e+00,3.805336058139801025e-01,-1.126512289047241211e+00,6.114860534667968750e+00
-1.045663261413574219e+01,-2.686312675476074219e+00,3.393194973468780518e-01,3.942703723907470703e+00,5.968076705932617188e+00
-4.800259017944335938e+01,-2.589091777801513672e+00,2.522267997264862061e-01,2.667157363891601562e+01,5.819772243499755859e+00
-1.032905387878417969e+01,-2.587824821472167969e+00,1.238434165716171265e-01,8.817388534545898438e+00,5.670071125030517578e+00
-1.025195598602294922e+01,-2.558008909225463867e+00,5.829834192991256714e-02,1.440963864326477051e+00,5.519085407257080078e+00
-2.063140106201171875e+01,-2.502432346343994141e+00,4.930775612592697144e-02,-1.955306816101074219e+01,5.527384281158447266e+00
-1.007524871826171875e+01,-2.423607826232910156e+00,9.121620655059814453e-02,5.487821102142333984e+00,5.519016742706298828e+00
-1.814405822753906250e+01,-2.323799848556518555e+00,7.893382757902145386e-02,4.758916854858398438e+00,5.495599269866943359e+00
-1.233081817626953125e+01,-2.205049514770507812e+00,1.178796663880348206e-01,2.891499519348144531e+00,5.615844726562500000e+00
-9.763936042785644531e+00,-2.069195747375488281e+00,1.029309406876564026e-01,5.292122840881347656e+00,5.708544254302978516e+00
-9.650063514709472656e+00,-1.917896389961242676e+00,3.947710990905761719e-02,2.379683685302734375e+01,5.776385784149169922e+00
-9.531914710998535156e+00,-1.752645134925842285e+00,-6.763133406639099121e-02,-1.648767471313476562e+00,5.821793079376220703e+00
-9.409886360168457031e+00,-1.690896630287170410e+00,-2.140288800001144409e-01,2.305353403091430664e+00,5.846951007843017578e+00
-9.284336090087890625e+00,-1.606407165527343750e+00,-2.957867085933685303e-01,8.110013961791992188e+00,5.853829383850097656e+00
-1.276625823974609375e+01,-1.616877555847167969e+00,-4.193687438964843750e-01,1.031266975402832031e+01,5.844204425811767578e+00
-6.641119384765625000e+01,-1.597530603408813477e+00,-4.805925786495208740e-01,1.108271598815917969e+01,5.819677352905273438e+00
-5.270433807373046875e+01,-1.551281929016113281e+00,-4.856940507888793945e-01,6.202623367309570312e+00,5.781691074371337891e+00
-1.139777565002441406e+01,-1.595948457717895508e+00,-5.402853488922119141e-01,1.739005088806152344e+00,5.731547355651855469e+00
-8.613995552062988281e+00,-1.607447028160095215e+00,-6.394175291061401367e-01,2.462316274642944336e+00,5.670419216156005859e+00
-1.897824859619140625e+01,-1.589025139808654785e+00,-6.786364912986755371e-01,-5.047603607177734375e+00,5.599364757537841797e+00
-2.286051940917968750e+01,-1.543609380722045898e+00,-6.639335751533508301e-01,3.202625751495361328e+00,5.519337177276611328e+00
-8.185906410217285156e+00,-1.473836898803710938e+00,-6.007009744644165039e-01,2.484889507293701172e+00,5.431196212768554688e+00
-2.241212844848632812e+01,-1.382084250450134277e+00,-4.937916398048400879e-01,2.480752468109130859e+00,5.495083332061767578e+00
-2.216569137573242188e+01,-1.270493149757385254e+00,-3.475732803344726562e-01,7.245276451110839844e+00,5.536844730377197266e+00
-5.749266624450683594e+00,-1.256861686706542969e+00,-2.659767568111419678e-01,5.942659378051757812e+00,5.558636665344238281e+00
-7.594076633453369141e+00,-1.215728640556335449e+00,-2.425398528575897217e-01,4.908011913299560547e+00,5.562403202056884766e+00
-2.808000183105468750e+01,-1.265090465545654297e+00,-2.714466154575347900e-01,2.249742698669433594e+01,5.549897193908691406e+00
-7.592958450317382812e+00,-1.395327210426330566e+00,-3.474626541137695312e-01,2.574766397476196289e+00,5.522697925567626953e+00
-7.569344997406005859e+00,-1.597821593284606934e+00,-4.658770859241485596e-01,2.235088109970092773e+00,5.482229709625244141e+00
-7.532332897186279297e+00,-1.751686692237854004e+00,-5.224500894546508789e-01,2.505882740020751953e+00,5.588058948516845703e+00
-7.483218669891357422e+00,-1.861701011657714844e+00,-5.233657956123352051e-01,2.488701343536376953e+00,5.667671680450439453e+00
-7.423171997070312500e+00,-2.045973300933837891e+00,-5.741899013519287109e-01,3.871993064880371094e+00,5.723628997802734375e+00
8.218823432922363281e+00,-2.296582698822021484e+00,-6.699315905570983887e-01,-2.941080856323242188e+01,5.758238792419433594e+00
-7.431576251983642578e+00,-2.493922710418701172e+00,-7.060991525650024414e-01,2.400293827056884766e+00,5.773581981658935547e+00
-7.486544132232666016e+00,-2.643231391906738281e+00,-6.886499524116516113e-01,-3.735306262969970703e+00,5.771533966064453125e+00
-8.145592689514160156e+00,-2.862400293350219727e+00,-7.229456901550292969e-01,4.229243469238281250e+01,5.753786087036132812e+00
-7.535289287567138672e+00,-3.031436681747436523e+00,-7.038118243217468262e-01,2.609691381454467773e+00,5.879414081573486328e+00
-5.378615188598632812e+01,-3.268132686614990234e+00,-7.365913391113281250e-01,-1.375641584396362305e+00,5.976914882659912109e+00
-7.515154838562011719e+00,-3.565265893936157227e+00,-8.160929083824157715e-01,2.582991600036621094e+00,6.049038887023925781e+00
-7.483336925506591797e+00,-3.804698705673217773e+00,-8.376443386077880859e-01,2.531939268112182617e+00,6.098264694213867188e+00
-1.357028961181640625e+01,-4.104125499725341797e+00,-9.070405960083007812e-01,-5.259836673736572266e+00,6.126827239990234375e+00
-7.455333232879638672e+00,-4.345680713653564453e+00,-1.019497156143188477e+00,-5.994131565093994141e-01,6.136740684509277344e+00
-7.316806316375732422e+00,-4.535058975219726562e+00,-1.070708155632019043e+00,1.120914077758789062e+01,6.286383152008056641e+00
-7.241291999816894531e+00,-4.677392005920410156e+00,-1.066797971725463867e+00,1.335638046264648438e+01,6.405592918395996094e+00
-7.157352447509765625e+00,-4.777303695678710938e+00,-1.013278841972351074e+00,8.253074645996093750e+00,6.497348308563232422e+00
-7.065795421600341797e+00,-4.838961124420166016e+00,-9.151116609573364258e-01,3.110620975494384766e+00,6.564333915710449219e+00
-7.125775337219238281e+00,-4.979107856750488281e+00,-8.767611980438232422e-01,4.571025371551513672e-01,6.608969688415527344e+00
-7.164100646972656250e+00,-5.077073574066162109e+00,-8.922457695007324219e-01,4.965110778808593750e+00,6.633437156677246094e+00
-7.182884216308593750e+00,-5.137001991271972656e+00,-8.561819195747375488e-01,2.971918106079101562e+00,6.639702796936035156e+00
-7.184031009674072266e+00,-5.162627220153808594e+00,-7.737244367599487305e-01,1.073784446716308594e+01,6.629539489746093750e+00
-7.169258117675781250e+00,-5.157312870025634766e+00,-6.495127677917480469e-01,1.561636924743652344e+00,6.761173248291015625e+00
-7.140112876892089844e+00,-5.124091148376464844e+00,-5.877222418785095215e-01,3.291347742080688477e+00,6.864164352416992188e+00
-6.832225799560546875e+00,-5.065693855285644531e+00,-4.821107983589172363e-01,2.254168987274169922e+00,6.941316127777099609e+00
-7.044148445129394531e+00,-4.984581947326660156e+00,-3.370605111122131348e-01,3.188970804214477539e+00,6.995154857635498047e+00
-6.979720592498779297e+00,-4.882974147796630859e+00,-1.565152555704116821e-01,3.217768430709838867e+00,7.027957439422607422e+00
-5.165574073791503906e+00,-4.762868404388427734e+00,5.597540736198425293e-02,3.329218149185180664e+00,7.041777133941650391e+00
-8.631085395812988281e+00,-4.626065731048583984e+00,1.972170323133468628e-01,3.073383092880249023e+00,7.038464546203613281e+00
-4.698776245117187500e+00,-4.474189281463623047e+00,3.743344545364379883e-01,9.511464118957519531e+00,7.175849914550781250e+00
-6.794246673583984375e+00,-4.423521041870117188e+00,4.837401509284973145e-01,1.371015071868896484e+00,7.284060955047607422e+00
-6.833960056304931641e+00,-4.349307537078857422e+00,5.322052836418151855e-01,2.212210655212402344e+00,7.365954399108886719e+00
-6.853922367095947266e+00,-4.253849983215332031e+00,5.258239507675170898e-01,-7.718036651611328125e+00,7.424104213714599609e+00
-6.856060028076171875e+00,-4.139222145080566406e+00,5.700806975364685059e-01,3.871508359909057617e+00,7.460831642150878906e+00
-7.239372253417968750e+00,-4.007291793823242188e+00,6.599117517471313477e-01,-1.965847253799438477e+00,7.478228092193603516e+00
-6.813636302947998047e+00,-3.859742403030395508e+00,7.907596826553344727e-01,4.499555587768554688e+00,7.478179454803466797e+00
-6.772051334381103516e+00,-3.698090791702270508e+00,8.585228323936462402e-01,7.454902172088623047e+00,7.462384700775146484e+00
-6.718626499176025391e+00,-3.523703575134277344e+00,8.695096969604492188e-01,3.831481552124023438e+01,7.432376384735107422e+00
-6.654508113861083984e+00,-3.337812423706054688e+00,8.293979167938232422e-01,4.150365829467773438e+00,7.389534950256347656e+00
-6.580729484558105469e+00,-3.141526937484741211e+00,8.432973027229309082e-01,1.659825801849365234e+00,7.335104942321777344e+00
-6.498221874237060547e+00,-2.935847043991088867e+00,8.058067560195922852e-01,-4.612021446228027344e+00,7.270207881927490234e+00
-6.407824993133544922e+00,-2.837553739547729492e+00,7.220652699470520020e-01,4.346942424774169922e+00,7.195855140686035156e+00
-1.391034412384033203e+01,-2.720219135284423828e+00,6.966978907585144043e-01,-3.051052093505859375e+00,7.112958431243896484e+00
-6.206314563751220703e+00,-2.701010704040527344e+00,6.238672733306884766e-01,3.823850393295288086e+00,7.022338867187500000e+00
-6.096498012542724609e+00,-2.654985904693603516e+00,6.083196997642517090e-01,3.760699844360351562e+01,6.924736976623535156e+00
-5.981399536132812500e+00,-2.699584960937500000e+00,5.443269014358520508e-01,4.495965480804443359e+00,6.820820331573486328e+00
-4.974223327636718750e+01,-2.711104393005371094e+00,5.367333889007568359e-01,1.533560848236083984e+01,6.711190700531005859e+00
-2.193585968017578125e+01,-2.692791223526000977e+00,5.798991918563842773e-01,1.185362529754638672e+01,3.435847167968750000e+02
-5.609165191650390625e+00,-2.647571086883544922e+00,6.687483787536621094e-01,2.765719413757324219e+00,6.476906776428222656e+00
-5.639230251312255859e+00,-2.692899227142333984e+00,6.987127065658569336e-01,4.376746654510498047e+00,6.353181838989257812e+00
-5.650294780731201172e+00,-2.705072641372680664e+00,7.756805419921875000e-01,4.303457260131835938e+00,6.225612640380859375e+00
-5.644213676452636719e+00,-2.687346458435058594e+00,8.949515819549560547e-01,4.175780296325683594e+00,6.094556331634521484e+00
-5.622657775878906250e+00,-2.757263660430908203e+00,9.522955417633056641e-01,8.611435890197753906e+00,5.960336208343505859e+00
-2.196099853515625000e+01,-2.905571699142456055e+00,9.539051055908203125e-01,1.084011793136596680e+00,5.823242664337158203e+00
-5.842281818389892578e+00,-3.010634183883666992e+00,1.005353689193725586e+00,3.860123872756958008e+00,5.844781875610351562e+00
-5.912620544433593750e+00,-3.076705932617187500e+00,1.101657390594482422e+00,-5.807612419128417969e+00,5.848222255706787109e+00
-5.960049152374267578e+00,-3.107620239257812500e+00,1.238330721855163574e+00,4.034273624420166016e+00,5.993469238281250000e+00
-5.986808776855468750e+00,-3.106831312179565430e+00,1.411336660385131836e+00,3.898316860198974609e+00,6.108550548553466797e+00
-5.994918823242187500e+00,-3.077451229095458984e+00,1.617042064666748047e+00,3.415117979049682617e+00,6.196423530578613281e+00
-1.103543663024902344e+01,-3.022283792495727539e+00,1.852176904678344727e+00,6.333702564239501953e+00,6.259753704071044922e+00
-5.962292671203613281e+00,-2.943855524063110352e+00,2.113798141479492188e+00,5.200811004638671875e+01,6.300943851470947266e+00
-5.924675464630126953e+00,-2.844442367553710938e+00,2.299257278442382812e+00,2.725998401641845703e+00,6.322158813476562500e+00
-1.766384124755859375e+01,-2.726094961166381836e+00,2.416170597076416016e+00,8.341726303100585938e+00,6.325350761413574219e+00
-9.893718719482421875e+00,-2.590661287307739258e+00,2.571392536163330078e+00,4.509550571441650391e+00,6.312278270721435547e+00
-5.742248058319091797e+00,-2.439805984497070312e+00,2.661092281341552734e+00,4.462527751922607422e+00,6.284526824951171875e+00
-3.680957794189453125e+00,-2.275029182434082031e+00,2.691822052001953125e+00,3.599956512451171875e+00,6.243525028228759766e+00
-5.573248863220214844e+00,-2.097681999206542969e+00,2.769478797912597656e+00,4.413467884063720703e+00,6.190560340881347656e+00
1.597285270690917969e+00,-2.024987697601318359e+00,2.789369821548461914e+00,4.404651641845703125e+00,6.126793861389160156e+00
-5.681066513061523438e+00,-1.930654525756835938e+00,2.857271909713745117e+00,4.482222080230712891e+00,6.212787151336669922e+00
-5.703483581542968750e+00,-1.816798925399780273e+00,2.868383646011352539e+00,2.731539964675903320e+00,6.274399757385253906e+00
-5.707619190216064453e+00,-1.685327410697937012e+00,2.828384399414062500e+00,3.040722370147705078e+00,6.314019680023193359e+00
-8.234859466552734375e+00,-1.537958025932312012e+00,2.742384910583496094e+00,3.124880790710449219e+00,6.333797931671142578e+00
-2.986614465713500977e+00,-1.376238465309143066e+00,2.714985370635986328e+00,4.221913337707519531e+00,6.335674285888671875e+00
-5.627322673797607422e+00,-1.201563239097595215e+00,2.740325927734375000e+00,-5.594348144531250000e+01,6.321396350860595703e+00
-5.574504852294921875e+00,-1.131519317626953125e+00,2.713132381439208984e+00,4.939143180847167969e+00,6.292539596557617188e+00
-5.510733604431152344e+00,-1.039490222930908203e+00,2.638658285140991211e+00,4.650093078613281250e+00,6.250523090362548828e+00
-5.437070369720458984e+00,-9.276273846626281738e-01,2.521631479263305664e+00,5.000796794891357422e+00,6.196626663208007812e+00
-5.354471683502197266e+00,-7.978690266609191895e-01,2.466307401657104492e+00,4.783236980438232422e+00,6.291400909423828125e+00
-5.263799667358398438e+00,-6.519613265991210938e-01,2.366515636444091797e+00,6.624419689178466797e+00,6.360925197601318359e+00
-5.165831565856933594e+00,-6.078110337257385254e-01,2.226703166961669922e+00,3.389487981796264648e+00,6.407673835754394531e+00
-5.061266899108886719e+00,-5.390823483467102051e-01,2.050871849060058594e+00,1.049416732788085938e+01,6.433876991271972656e+00
-4.950737476348876953e+00,-4.481841325759887695e-01,1.842623829841613770e+00,5.555961132049560547e+00,6.441544055938720703e+00
-1.679022979736328125e+01,-4.533094465732574463e-01,1.605200648307800293e+00,5.760540008544921875e+00,6.432486057281494141e+00
-5.023395538330078125e+00,-4.290003180503845215e-01,1.341519832611083984e+00,1.580141448974609375e+01,6.408335208892822266e+00
-5.030614376068115234e+00,-3.781470656394958496e-01,1.154206991195678711e+00,1.186702919006347656e+01,6.370562553405761719e+00
-5.020933628082275391e+00,-3.033536970615386963e-01,9.356254935264587402e-01,5.596277236938476562e+00,6.320494174957275391e+00
-4.996003150939941406e+00,-2.069661915302276611e-01,7.889021635055541992e-01,5.611098766326904297e+00,6.418671131134033203e+00
-5.888093566894531250e+01,-2.072446346282958984e-01,6.068511605262756348e-01,6.911973953247070312e+00,6.491260528564453125e+00
-5.212114334106445312e+00,-2.940228879451751709e-01,3.930053114891052246e-01,5.553811073303222656e+00,6.540770053863525391e+00
-6.864937305450439453e+00,-3.433274328708648682e-01,2.505440115928649902e-01,6.491735458374023438e+00,1.200372924804687500e+02
-5.485058784484863281e+00,-4.739411771297454834e-01,7.232885062694549561e-02,4.599853515625000000e+00,6.579370498657226562e+00
-5.653251171112060547e+00,-6.772871017456054688e-01,-1.380647569894790649e-01,3.389819383621215820e+00,6.572334766387939453e+00
-5.788866043090820312e+00,-9.456747174263000488e-01,-3.774189651012420654e-01,6.785664081573486328e+00,6.550008296966552734e+00
-5.895102977752685547e+00,-1.272208213806152344e+00,-6.428377628326416016e-01,5.080920696258544922e+00,6.513882637023925781e+00
-5.974845886230468750e+00,-1.650704503059387207e+00,-9.317146539688110352e-01,4.865020751953125000e+00,6.465301513671875000e+00
-6.030693054199218750e+00,-1.963176965713500977e+00,-1.141703844070434570e+00,-7.304984092712402344e+00,6.405476093292236328e+00
-6.698217391967773438e+00,-2.328910589218139648e+00,-1.380694150924682617e+00,4.628208637237548828e+00,6.335497856140136719e+00
-1.373879909515380859e+01,-2.629935026168823242e+00,-1.545785427093505859e+00,4.069752693176269531e+00,6.256350517272949219e+00
-6.077147006988525391e+00,-2.872637987136840820e+00,-1.644367575645446777e+00,4.545462131500244141e+00,6.168920516967773438e+00
-6.058629512786865234e+00,-3.062774181365966797e+00,-1.683091521263122559e+00,3.437715530395507812e+00,6.074006557464599609e+00
-2.333849334716796875e+01,-3.318719148635864258e+00,-1.767943024635314941e+00,-9.384145736694335938e-01,5.972328662872314453e+00
-5.980139732360839844e+00,-3.520833492279052734e+00,-1.794309377670288086e+00,4.514037132263183594e+00,5.864535331726074219e+00
-5.922813415527343750e+00,-3.674427509307861328e+00,-1.768039107322692871e+00,-5.224548339843750000e+00,5.751211643218994141e+00
-5.854981899261474609e+00,-3.784284591674804688e+00,-1.694395899772644043e+00,5.754322528839111328e+00,5.632884502410888672e+00
-5.777663707733154297e+00,-3.854714632034301758e+00,-1.578117012977600098e+00,4.671226024627685547e+00,5.510028839111328125e+00
-5.691777229309082031e+00,-3.889600276947021484e+00,-1.423466086387634277e+00,1.113726615905761719e+01,5.383072376251220703e+00
-5.598149776458740234e+00,-3.892439365386962891e+00,-1.234280347824096680e+00,4.683270931243896484e+00,5.252400875091552734e+00
-5.659357547760009766e+00,-3.980520725250244141e+00,-1.114013075828552246e+00,4.646257400512695312e+00,5.118361949920654297e+00
-5.698425292968750000e+00,-4.031330108642578125e+00,-9.557725787162780762e-01,4.584277629852294922e+00,4.981268882751464844e+00
-5.876575946807861328e+00,-4.162323951721191406e+00,-8.633561134338378906e-01,4.499781608581542969e+00,4.841403484344482422e+00
-6.021162986755371094e+00,-4.365072250366210938e+00,-8.301813006401062012e-01,4.394975662231445312e+00,4.699020385742187500e+00
-6.135485649108886719e+00,-4.519301414489746094e+00,-7.503240108489990234e-01,7.084795951843261719e+00,4.554349422454833984e+00
-6.222516536712646484e+00,-4.629796028137207031e+00,-6.284524202346801758e-01,8.750400543212890625e+00,4.407596588134765625e+00
-1.392927074432373047e+01,-4.700866699218750000e+00,-5.687679648399353027e-01,3.977613687515258789e+00,4.258948326110839844e+00
9.030834197998046875e+00,-4.736396312713623047e+00,-4.650520086288452148e-01,8.294815063476562500e+00,4.108572006225585938e+00
-6.503809928894042969e+00,-4.739883422851562500e+00,-4.217076301574707031e-01,3.629379272460937500e+00,3.956619501113891602e+00
-6.648907661437988281e+00,-4.714479446411132812e+00,-3.326976895332336426e-01,4.112867355346679688e+00,3.967791080474853516e+00
-6.763748168945312500e+00,-4.663023948669433594e+00,-2.025887817144393921e-01,4.034111022949218750e+00,3.961559057235717773e+00
-2.615603256225585938e+01,-4.588074207305908203e+00,-3.549078106880187988e-02,3.456281423568725586e+00,4.101206779479980469e+00
-3.719451522827148438e+01,-4.491934776306152344e+00,6.489743292331695557e-02,3.426842212677001953e+00,4.210889339447021484e+00
-6.955017089843750000e+00,-4.491281032562255859e+00,1.052468419075012207e-01,3.371578216552734375e+00,4.293550491333007812e+00
-3.370771169662475586e+00,-4.462117671966552734e+00,1.915612816810607910e-01,3.444450855255126953e+00,4.351843833923339844e+00
-6.978451251983642578e+00,-4.407246589660644531e+00,2.192443013191223145e-01,3.412072658538818359e+00,4.388159275054931641e+00
-6.964851856231689453e+00,-4.329192161560058594e+00,2.941589951515197754e-01,3.501605510711669922e+00,4.404651641845703125e+00
-6.936555862426757812e+00,-4.230227947235107422e+00,3.115822374820709229e-01,5.857061386108398438e+00,4.403262138366699219e+00
-6.894997596740722656e+00,-4.112402439117431641e+00,3.772631287574768066e-01,3.571791172027587891e+00,4.385740280151367188e+00
-6.841469764709472656e+00,-3.977560758590698242e+00,3.863759636878967285e-01,5.616093063354492188e+01,4.353662490844726562e+00
-6.777137279510498047e+00,-3.827365636825561523e+00,3.445775210857391357e-01,5.308591365814208984e+00,4.308448791503906250e+00
-6.703050136566162109e+00,-3.663314580917358398e+00,3.569589257240295410e-01,3.455029726028442383e+00,4.251379966735839844e+00
-6.620153903961181641e+00,-3.486756801605224609e+00,4.181021451950073242e-01,2.446722602844238281e+01,4.346016883850097656e+00
-7.486830234527587891e+00,-3.298907995223999023e+00,4.231310784816741943e-01,3.479578256607055664e+00,4.415107250213623047e+00
-6.431259632110595703e+00,-3.216478347778320312e+00,3.776571452617645264e-01,3.543778896331787109e+00,4.461158752441406250e+00
7.101680755615234375e+00,-3.113469839096069336e+00,2.867306172847747803e-01,-4.996678352355957031e+00,4.486431598663330078e+00
-6.377896308898925781e+00,-2.991899013519287109e+00,2.548967301845550537e-01,3.424766540527343750e+00,4.492961883544921875e+00
-6.407950878143310547e+00,-2.853582143783569336e+00,2.762461900711059570e-01,3.541508913040161133e+00,4.643526554107666016e+00
-6.418956279754638672e+00,-2.815616130828857422e+00,2.454607486724853516e-01,4.332575321197509766e+00,4.763092994689941406e+00
-6.006906986236572266e+00,-2.752659559249877930e+00,2.677538096904754639e-01,2.292051315307617188e-01,4.854709148406982422e+00
-2.022173690795898438e+01,-2.782193183898925781e+00,2.378176003694534302e-01,4.787069320678710938e+01,4.921121120452880859e+00
-6.355428695678710938e+00,-2.894533395767211914e+00,1.608750373125076294e-01,3.644112825393676758e+00,4.964803218841552734e+00
-6.307137966156005859e+00,-3.080993890762329102e+00,4.162675142288208008e-02,6.492129325866699219e+00,4.987985610961914062e+00
-6.247455120086669922e+00,-3.220394134521484375e+00,-1.569672301411628723e-02,3.523361921310424805e+00,4.992677688598632812e+00
-6.177488327026367188e+00,-3.317377567291259766e+00,-1.728787831962108612e-02,4.430014133453369141e+00,4.980690002441406250e+00
-6.098236560821533203e+00,-3.376127004623413086e+00,3.128005564212799072e-02,3.315981864929199219e+00,4.953654289245605469e+00
-6.010599613189697266e+00,-3.400410652160644531e+00,1.249911561608314514e-01,3.300341606140136719e+00,4.913040161132812500e+00
-5.915388584136962891e+00,-3.393622875213623047e+00,1.593311727046966553e-01,3.257499694824218750e+00,4.860173225402832031e+00
-5.813334465026855469e+00,-3.473298549652099609e+00,1.402372270822525024e-01,7.660372734069824219e+00,4.796246528625488281e+00
-9.181137084960937500e-01,-3.516454458236694336e+00,7.305270433425903320e-02,4.435642719268798828e+00,4.722336292266845703e+00
-5.753759860992431641e+00,-3.526689052581787109e+00,-3.741335123777389526e-02,-8.123905181884765625e+00,-2.830370178222656250e+02
-2.194448661804199219e+01,-3.621580362319946289e+00,-1.868327856063842773e-01,2.979227304458618164e+00,4.711036205291748047e+00
-6.231777191162109375e+00,-3.792261123657226562e+00,-3.713102042675018311e-01,8.094105720520019531e+00,4.759383678436279297e+00
-6.215077877044677734e+00,-3.917485475540161133e+00,-4.873399138450622559e-01,2.143310356140136719e+01,4.786738872528076172e+00
-6.308545589447021484e+00,-4.001738548278808594e+00,-5.417667031288146973e-01,2.436701774597167969e+00,4.955608844757080078e+00
-6.376715183258056641e+00,-4.049060821533203125e+00,-5.407508015632629395e-01,2.796604394912719727e+00,5.091694355010986328e+00
-6.422071456909179688e+00,-4.063092231750488281e+00,-5.898364782333374023e-01,2.888091325759887695e+00,5.198221206665039062e+00
-6.605773925781250000e+00,-4.161263942718505859e+00,-6.840135455131530762e-01,2.727259874343872070e+00,5.278096199035644531e+00
-6.755359649658203125e+00,-4.221145153045654297e+00,-7.187729477882385254e-01,2.174087715148925781e+01,5.333938121795654297e+00
-6.874186515808105469e+00,-4.246510505676269531e+00,-7.000564336776733398e-01,3.136666536331176758e+00,5.527523517608642578e+00
-6.965280532836914062e+00,-4.240760326385498047e+00,-7.332115173339843750e-01,2.786843872070312500e+01,5.685953617095947266e+00
-7.031367778778076172e+00,-4.206957817077636719e+00,-7.130511403083801270e-01,2.845646619796752930e+00,5.812689781188964844e+00
-7.074905395507812500e+00,-4.147862434387207031e+00,-6.449068188667297363e-01,2.170105934143066406e+00,5.910850048065185547e+00
-1.201139163970947266e+01,-4.065959930419921875e+00,-6.335769295692443848e-01,1.936320185661315918e+00,5.983244419097900391e+00
-7.102965831756591797e+00,-3.963489055633544922e+00,-5.733800530433654785e-01,2.186788797378540039e+00,6.190934181213378906e+00
-7.091280937194824219e+00,-3.842466831207275391e+00,-4.692028760910034180e-01,1.869335651397705078e+00,6.362145423889160156e+00
-1.487379646301269531e+01,-3.704710483551025391e+00,-4.254434108734130859e-01,6.013579845428466797e+00,6.500470638275146484e+00
-3.625434112548828125e+01,-3.551856517791748047e+00,-4.360598623752593994e-01,1.815313935279846191e+00,6.609146595001220703e+00
-1.900195121765136719e+01,-3.500720977783203125e+00,-4.956146180629730225e-01,1.569091677665710449e+00,6.691090106964111328e+00
-6.909174442291259766e+00,-3.425938606262207031e+00,-4.992139339447021484e-01,1.647002696990966797e+00,6.748928546905517578e+00
-6.836082458496093750e+00,-3.444753170013427734e+00,-5.524532794952392578e-01,1.187967538833618164e+00,6.785030364990234375e+00
-6.754053592681884766e+00,-3.547389268875122070e+00,-6.503686904907226562e-01,1.008442521095275879e+00,6.801528930664062500e+00
-1.148168182373046875e+01,-3.611233949661254883e+00,-7.884925007820129395e-01,8.176652193069458008e-01,6.800346851348876953e+00
-7.907074928283691406e+00,-3.754164695739746094e+00,-9.628039002418518066e-01,6.167288422584533691e-01,6.783215999603271484e+00
-6.462593555450439453e+00,-3.967898607254028320e+00,-1.169684171676635742e+00,4.066180586814880371e-01,6.751698017120361328e+00
-6.352668762207031250e+00,-4.131928920745849609e+00,-1.305876374244689941e+00,3.051339089870452881e-01,6.707198619842529297e+00
-6.237363815307617188e+00,-4.364478588104248047e+00,-1.478449344635009766e+00,-7.975128889083862305e-01,6.650985240936279297e+00
-7.037880897521972656e+00,-4.545500755310058594e+00,-1.583765029907226562e+00,1.634826809167861938e-01,6.584199905395507812e+00
-1.138277053833007812e+01,-4.680085182189941406e+00,-1.628549218177795410e+00,2.589932084083557129e-01,6.507871150970458984e+00
-5.864067077636718750e+00,-4.772816181182861328e+00,-1.618854999542236328e+00,2.633365392684936523e-01,6.422926425933837891e+00
-5.731904983520507812e+00,-4.827824115753173828e+00,-1.560130238533020020e+00,3.787727952003479004e-01,6.330200672149658203e+00
-5.596475601196289062e+00,-4.848829269409179688e+00,-1.457278013229370117e+00,1.020478487014770508e+00,6.230446815490722656e+00
-5.458084583282470703e+00,-4.839182853698730469e+00,-1.414710998535156250e+00,7.111831307411193848e-01,6.124342918395996094e+00
-5.317007064819335938e+00,-4.801903247833251953e+00,-1.326400637626647949e+00,9.252682924270629883e-01,6.012499809265136719e+00
-5.173491954803466797e+00,-4.739709854125976562e+00,-1.196921348571777344e+00,1.203545808792114258e+00,6.057625293731689453e+00
-5.027762413024902344e+00,-4.655051708221435547e+00,-1.030390024185180664e+00,1.539256215095520020e+00,6.082169055938720703e+00
-4.880020141601562500e+00,-4.550135612487792969e+00,-8.305118680000305176e-01,3.491686582565307617e-01,6.088150978088378906e+00
-4.730446815490722656e+00,-4.426949024200439453e+00,-6.006215810775756836e-01,2.144511699676513672e+00,6.077391624450683594e+00
-4.579205989837646484e+00,-4.287281990051269531e+00,-3.437203168869018555e-01,2.496225833892822266e+00,6.051530838012695312e+00
-4.426445007324218750e+00,-4.132747173309326172e+00,-6.250920891761779785e-02,2.742545366287231445e+00,6.012045860290527344e+00
-4.272296905517578125e+00,-3.964797496795654297e+00,2.405807375907897949e-01,3.009457349777221680e+00,5.960268497467041016e+00
-4.282097816467285156e+00,-3.900063276290893555e+00,4.633617401123046875e-01,3.221296310424804688e+00,5.897398471832275391e+00
-4.274551391601562500e+00,-3.813045263290405273e+00,6.138646602630615234e-01,3.383505344390869141e+00,5.824516773223876953e+00
-1.314073753356933594e+01,-3.705932378768920898e+00,7.993172407150268555e-01,3.614755153656005859e+00,5.742597103118896484e+00
-4.214047908782958984e+00,-3.695754289627075195e+00,9.162245988845825195e-01,4.805480480194091797e+00,5.652517318725585938e+00
-4.164002895355224609e+00,-3.657898426055908203e+00,9.714412093162536621e-01,5.281044960021972656e+00,5.555067539215087891e+00
-4.102466106414794922e+00,-3.595089197158813477e+00,1.071136116981506348e+00,4.133051395416259766e+00,5.613441944122314453e+00
-4.030558109283447266e+00,-3.509780883789062500e+00,1.210861563682556152e+00,4.289385318756103516e+00,5.649875164031982422e+00
-4.113260746002197266e+00,-3.519184589385986328e+00,1.286614418029785156e+00,4.401638984680175781e+00,5.666522502899169922e+00
-4.332520484924316406e+00,-3.613426685333251953e+00,1.304792046546936035e+00,1.754446029663085938e-01,5.665326118469238281e+00
-4.513882160186767578e+00,-3.669690370559692383e+00,1.271151900291442871e+00,4.510884284973144531e+00,5.648035526275634766e+00
-4.661081314086914062e+00,-3.691722869873046875e+00,1.190875768661499023e+00,4.515327930450439453e+00,5.616227149963378906e+00
-4.664645385742187500e+01,-3.682899236679077148e+00,1.068627357482910156e+00,4.490677356719970703e+00,5.571321487426757812e+00
-4.866122245788574219e+00,-3.646260023117065430e+00,9.086037874221801758e-01,4.439797878265380859e+00,5.514598369598388672e+00
-4.929728984832763672e+00,-3.584543704986572266e+00,7.145825624465942383e-01,4.365270614624023438e+00,5.447211265563964844e+00
-4.970765113830566406e+00,-3.500217199325561523e+00,5.899634957313537598e-01,4.943322658538818359e+00,5.532336711883544922e+00
-5.152504444122314453e+00,-3.510511875152587891e+00,4.278063178062438965e-01,4.372688293457031250e+00,5.592876911163330078e+00
-5.300100803375244141e+00,-3.491091251373291016e+00,3.318648636341094971e-01,7.605536460876464844e+00,5.631249904632568359e+00
-5.416918277740478516e+00,-3.444882631301879883e+00,1.955175846815109253e-01,4.865915775299072266e+00,5.649633407592773438e+00
-5.505988121032714844e+00,-3.374522924423217773e+00,1.228049993515014648e-01,3.528907299041748047e+00,5.649990558624267578e+00
-5.570041179656982422e+00,-3.282387495040893555e+00,7.363706827163696289e-03,4.076930046081542969e+00,5.634088993072509766e+00
-5.611537933349609375e+00,-3.170615673065185547e+00,-4.653348028659820557e-02,3.952264070510864258e+00,5.603522300720214844e+00
-5.632695674896240234e+00,-3.041134595870971680e+00,-4.504097625613212585e-02,3.811184406280517578e+00,5.559726238250732422e+00
-5.635511398315429688e+00,-2.895680189132690430e+00,6.302256137132644653e-03,3.207199811935424805e+00,5.503993511199951172e+00
-4.709280967712402344e+00,-2.735816001892089844e+00,1.025111377239227295e-01,3.601569414138793945e+00,5.599457263946533203e+00
-5.593138217926025391e+00,-2.562950611114501953e+00,1.390991508960723877e-01,3.669764757156372070e+00,5.669316768646240234e+00
-1.395629310607910156e+01,-2.378352403640747070e+00,1.220283880829811096e-01,6.966874599456787109e-01,5.716091156005859375e+00
-5.496781826019287109e+00,-2.183164358139038086e+00,1.566646695137023926e-01,3.424028396606445312e+00,5.742050170898437500e+00
-5.431574344635009766e+00,-2.094463586807250977e+00,1.378373503684997559e-01,3.393404245376586914e+00,5.749238491058349609e+00
-5.356477737426757812e+00,-1.985695838928222656e+00,1.708927452564239502e-01,3.451952695846557617e+00,5.739498615264892578e+00
-5.435326576232910156e+00,-1.974455714225769043e+00,1.506426185369491577e-01,5.427669048309326172e+00,5.714490413665771484e+00
-5.490143299102783203e+00,-1.935501575469970703e+00,8.241752535104751587e-02,1.082242298126220703e+01,5.675709247589111328e+00
-5.523291587829589844e+00,-1.871562957763671875e+00,7.101492583751678467e-02,2.293440580368041992e+00,5.624503135681152344e+00
-4.389379024505615234e+00,-1.785098671913146973e+00,1.107525601983070374e-01,3.373357057571411133e+00,5.562085628509521484e+00
-5.694073677062988281e+00,-1.793885350227355957e+00,9.651645272970199585e-02,3.290148735046386719e+00,5.489550590515136719e+00
-5.978131771087646484e+00,-1.888001441955566406e+00,3.370398283004760742e-02,4.767079353332519531e+00,5.407883644104003906e+00
-6.218055725097656250e+00,-1.944007277488708496e+00,-7.282722741365432739e-02,3.124066591262817383e+00,5.317973136901855469e+00
-6.418200016021728516e+00,-1.965664863586425781e+00,-2.187052965164184570e-01,-2.136039733886718750e+00,4.819600219726562500e+02
-6.582489013671875000e+00,-2.071275234222412109e+00,-3.999955356121063232e-01,2.770984172821044922e+00,5.116540431976318359e+00
-6.714457511901855469e+00,-2.137654781341552734e+00,-5.131567716598510742e-01,2.719071388244628906e+00,5.006388664245605469e+00
-6.817291259765625000e+00,-2.283295631408691406e+00,-6.650018692016601562e-01,2.643474817276000977e+00,4.890748023986816406e+00
-6.893859386444091797e+00,-2.499919414520263672e+00,-8.516624569892883301e-01,7.630620002746582031e+00,4.770145416259765625e+00
-6.946747779846191406e+00,-2.666395664215087891e+00,-9.696569442749023438e-01,2.430318593978881836e+00,4.645056247711181641e+00
-6.978285789489746094e+00,-2.787681818008422852e+00,-1.025852084159851074e+00,5.476639270782470703e+00,4.515908241271972656e+00
-6.990571975708007812e+00,-2.868243217468261719e+00,-1.026427626609802246e+00,2.147515535354614258e+00,4.383086681365966797e+00
-6.985496997833251953e+00,-3.026434421539306641e+00,-1.076945662498474121e+00,1.984154343605041504e+00,4.246939182281494141e+00
-6.964764595031738281e+00,-3.140277862548828125e+00,-1.072411894798278809e+00,1.924116015434265137e+00,4.107778549194335938e+00
-6.929909706115722656e+00,-3.214155673980712891e+00,-1.018331527709960938e+00,1.956656575202941895e+00,4.130856037139892578e+00
-6.882314682006835938e+00,-3.252014875411987305e+00,-9.196591973304748535e-01,2.031780481338500977e+00,4.135272502899169922e+00
-6.823225975036621094e+00,-3.257410526275634766e+00,-8.808541297912597656e-01,1.928687691688537598e+00,4.122860431671142578e+00
-6.753765583038330078e+00,-3.348175287246704102e+00,-8.959295153617858887e-01,9.801359176635742188e-01,4.095270633697509766e+00
-6.674944877624511719e+00,-3.401264190673828125e+00,-9.594973325729370117e-01,1.916417360305786133e+00,4.053990364074707031e+00
-6.749556064605712891e+00,-3.534733533859252930e+00,-1.066708326339721680e+00,1.697031140327453613e+00,4.000359535217285156e+00
-6.800652503967285156e+00,-3.626327514648437500e+00,-1.213198184967041016e+00,-4.546380233764648438e+01,3.935585498809814453e+00
-6.830547332763671875e+00,-3.680182695388793945e+00,-1.295039057731628418e+00,1.960041761398315430e+00,4.024627685546875000e+00
-6.841325283050537109e+00,-3.700025558471679688e+00,-1.318695902824401855e+00,1.628106355667114258e+00,4.249670982360839844e+00
-6.834864139556884766e+00,-3.689212322235107422e+00,-1.289987087249755859e+00,1.661320209503173828e+00,4.436222076416015625e+00
-6.812855720520019531e+00,-3.765368461608886719e+00,-1.314149141311645508e+00,1.662374019622802734e+00,4.588078498840332031e+00
-6.776824474334716797e+00,-3.805316925048828125e+00,-1.285894989967346191e+00,1.749709844589233398e+00,4.708661556243896484e+00
-6.889285564422607422e+00,-3.926935672760009766e+00,-1.310466289520263672e+00,9.651891589164733887e-01,4.801054000854492188e+00
-6.974517822265625000e+00,-4.121712684631347656e+00,-1.382580399513244629e+00,1.815605759620666504e+00,4.868032932281494141e+00
-7.035202503204345703e+00,-4.268603801727294922e+00,-1.397483110427856445e+00,1.916347742080688477e+00,5.072906494140625000e+00
-7.073756217956542969e+00,-4.372343540191650391e+00,-1.360895633697509766e+00,8.079265356063842773e-01,5.241339683532714844e+00
-7.252039432525634766e+00,-4.551010131835937500e+00,-1.377966880798339844e+00,2.172476530075073242e+00,5.376927375793457031e+00
-7.396653652191162109e+00,-4.683408737182617188e+00,-1.343330979347229004e+00,2.426330327987670898e+00,5.642147064208984375e+00
-7.510919570922851562e+00,-4.887695789337158203e+00,-1.362158656120300293e+00,2.580520391464233398e+00,5.865046501159667969e+00
-7.597828388214111328e+00,-5.043210029602050781e+00,-1.329103589057922363e+00,2.758747816085815430e+00,6.049802780151367188e+00
-7.660074710845947266e+00,-5.154774188995361328e+00,-1.249354004859924316e+00,8.159793853759765625e+00,6.200180053710937500e+00
-7.700086593627929688e+00,-5.226731777191162109e+00,-1.127579450607299805e+00,2.795892953872680664e+00,6.319568634033203125e+00
-7.720051765441894531e+00,-5.262995243072509766e+00,-1.067982316017150879e+00,6.553742408752441406e+00,6.411024093627929688e+00
-7.721940994262695312e+00,-5.267088890075683594e+00,-1.064344882965087891e+00,2.771845340728759766e+00,6.477297782897949219e+00
-7.707529067993164062e+00,-5.242186546325683594e+00,-1.011071205139160156e+00,2.834212541580200195e+00,6.520869731903076172e+00
-7.678416252136230469e+00,-5.191146850585937500e+00,-1.013124823570251465e+00,1.361423110961914062e+01,6.543973922729492188e+00
-7.796416282653808594e+00,-5.230957984924316406e+00,-1.064973115921020508e+00,2.857540845870971680e+00,6.548622608184814453e+00
-7.886706829071044922e+00,-5.238244056701660156e+00,-1.161636590957641602e+00,2.825060367584228516e+00,6.536628723144531250e+00
-7.952018260955810547e+00,-5.216214179992675781e+00,-1.198633670806884766e+00,2.766985416412353516e+00,6.509625911712646484e+00
-8.153456687927246094e+00,-5.282022476196289062e+00,-1.281931042671203613e+00,2.685837507247924805e+00,6.469085693359375000e+00
-1.271707153320312500e+01,-5.312741756439208984e+00,-1.306898713111877441e+00,1.055022120475769043e+00,6.416334152221679688e+00
-8.452225685119628906e+00,-5.425805568695068359e+00,-1.379369616508483887e+00,2.463181018829345703e+00,6.352565765380859375e+00
-8.556284904479980469e+00,-5.499125957489013672e+00,-1.494593381881713867e+00,3.063549280166625977e+00,6.278856277465820312e+00
-8.634064674377441406e+00,-5.650333881378173828e+00,-1.648294806480407715e+00,2.172684669494628906e+00,6.196175575256347656e+00
-8.688154220581054688e+00,-5.758048057556152344e+00,-1.836626052856445312e+00,2.006048679351806641e+00,6.105396747589111328e+00
-8.720885276794433594e+00,-5.826567173004150391e+00,-1.956124186515808105e+00,-4.961730241775512695e-01,6.007306575775146484e+00
-8.734358787536621094e+00,-5.859764099121093750e+00,-2.013672590255737305e+00,-4.351993799209594727e-01,5.902614116668701172e+00
-1.115351295471191406e+01,-5.861126422882080078e+00,-2.015465974807739258e+00,2.086077690124511719e+00,5.791957855224609375e+00
-8.710920333862304688e+00,-5.833795547485351562e+00,-2.067080020904541016e+00,2.288595676422119141e+00,5.675913333892822266e+00
-8.677249908447265625e+00,-5.780601024627685547e+00,-2.063532829284667969e+00,8.526742935180664062e+00,5.554998874664306641e+00
-8.630841255187988281e+00,-5.704091072082519531e+00,-2.110340356826782227e+00,2.985214710235595703e+00,5.429681777954101562e+00
-8.572941780090332031e+00,-5.606561183929443359e+00,-2.102467060089111328e+00,2.291124820709228516e+00,5.464108943939208984e+00
-8.504673957824707031e+00,-5.490078926086425781e+00,-2.045381069183349609e+00,2.458367586135864258e+00,5.639941692352294922e+00
-8.427051544189453125e+00,-5.356506347656250000e+00,-1.944003701210021973e+00,2.580276250839233398e+00,5.782207012176513672e+00
-8.340985298156738281e+00,-5.322350025177001953e+00,-1.902764081954956055e+00,3.781176328659057617e+00,5.894216537475585938e+00
-1.654549407958984375e+01,-5.262964248657226562e+00,-1.815648436546325684e+00,4.468617439270019531e+00,5.978953838348388672e+00
-8.146726608276367188e+00,-5.180834770202636719e+00,-1.687244415283203125e+00,2.765265703201293945e+00,6.039106369018554688e+00
-8.039940834045410156e+00,-5.192823410034179688e+00,-1.621680736541748047e+00,3.008793830871582031e+00,6.077095508575439453e+00
-7.927540302276611328e+00,-5.175016880035400391e+00,-1.512673497200012207e+00,6.367491722106933594e+00,6.255653381347656250e+00
-7.971829414367675781e+00,-5.244657993316650391e+00,-1.464566946029663086e+00,3.270311594009399414e+00,6.400424003601074219e+00
-7.995641231536865234e+00,-5.278815269470214844e+00,-1.471271038055419922e+00,3.737752437591552734e+00,6.514740943908691406e+00
-8.000989913940429688e+00,-5.280992984771728516e+00,-1.427304744720458984e+00,4.756108283996582031e+00,6.601607322692871094e+00
-7.989690303802490234e+00,-5.254348278045654297e+00,-1.337735056877136230e+00,3.672107219696044922e+00,6.823094367980957031e+00
-7.963377475738525391e+00,-5.201723575592041016e+00,-1.207122325897216797e+00,5.277013778686523438e+00,7.006617546081542969e+00
-7.923524379730224609e+00,-5.240162372589111328e+00,-1.139570951461791992e+00,3.292109489440917969e+00,7.155925273895263672e+00
-7.871458053588867188e+00,-5.246193885803222656e+00,-1.128774642944335938e+00,3.922403335571289062e+00,7.274393558502197266e+00
-7.808373451232910156e+00,-5.223017692565917969e+00,-1.069057941436767578e+00,3.983695983886718750e+00,-3.150983238220214844e+01
-7.735348224639892578e+00,-5.173514842987060547e+00,-9.653129577636718750e-01,1.075412940979003906e+01,7.589394092559814453e+00
-7.653352260589599609e+00,-5.100280761718750000e+00,-8.219425082206726074e-01,4.005394458770751953e+00,7.775539875030517578e+00
-1.344836902618408203e+01,-5.005652904510498047e+00,-7.429090738296508789e-01,5.296915054321289062e+00,7.927272319793701172e+00
-7.465857028961181641e+00,-4.891736507415771484e+00,-6.217790246009826660e-01,3.913802623748779297e+00,8.047987937927246094e+00
-7.361855030059814453e+00,-4.760427951812744141e+00,-5.627619624137878418e-01,3.832326412200927734e+00,8.140746116638183594e+00
-7.251892089843750000e+00,-4.613434791564941406e+00,-5.596465468406677246e-01,-3.238378524780273438e+00,8.208302497863769531e+00
-7.136543750762939453e+00,-4.452295303344726562e+00,-5.068427324295043945e-01,3.724579572677612305e+00,8.253141403198242188e+00
-7.016329288482666016e+00,-4.278395175933837891e+00,-4.093193113803863525e-01,3.690807580947875977e+00,2.770723876953125000e+02
-6.891715526580810547e+00,-4.092982292175292969e+00,-3.715482056140899658e-01,3.631624698638916016e+00,5.601689453125000000e+02
-6.763123512268066406e+00,-3.897180318832397461e+00,-2.875542640686035156e-01,3.549535751342773438e+00,8.272636413574218750e+00
-6.630932331085205078e+00,-3.692001342773437500e+00,-2.619596719741821289e-01,7.317768096923828125e+00,8.246865272521972656e+00
-6.495483398437500000e+00,-3.478357315063476562e+00,-1.889245808124542236e-01,3.485131263732910156e-02,8.207553863525390625e+00
-6.520659446716308594e+00,-3.372858524322509766e+00,-1.731929630041122437e-01,3.187292814254760742e+00,2.861087646484375000e+02
-6.527089595794677734e+00,-3.249029874801635742e+00,-1.090345308184623718e-01,3.376681327819824219e+00,8.093487739562988281e+00
-1.531743049621582031e+01,-3.108672618865966797e+00,-1.012919247150421143e-01,2.867063999176025391e+00,8.021005630493164062e+00
-6.490903377532958984e+00,-2.953409194946289062e+00,-4.432359710335731506e-02,2.599133491516113281e+00,7.939554214477539062e+00
-6.451444149017333984e+00,-2.784700870513916016e+00,-4.305208474397659302e-02,2.497426986694335938e+00,-3.440844345092773438e+01
-6.399587154388427734e+00,-2.603863954544067383e+00,8.092250674962997437e-03,6.734031677246093750e+00,3.236818237304687500e+02
-6.336546421051025391e+00,-2.412083625793457031e+00,1.041221320629119873e-01,3.399961233139038086e+00,7.956457614898681641e+00
-5.449697971343994141e+00,-2.326402187347412109e+00,1.405490487813949585e-01,3.513947248458862305e+00,7.978214740753173828e+00
-6.181180477142333984e+00,-2.335829734802246094e+00,1.233332902193069458e-01,1.644916415214538574e+00,2.220761871337890625e+02
-6.090728759765625000e+00,-2.315506696701049805e+00,5.783913284540176392e-02,4.015929222106933594e+00,7.968775749206542969e+00
-5.992859840393066406e+00,-2.268369674682617188e+00,4.889436811208724976e-02,1.175530910491943359e+00,4.742890319824218750e+02
-5.888294219970703125e+00,-2.197063207626342773e+00,9.084405004978179932e-02,1.049009919166564941e+00,7.899824142456054688e+00
-6.008480072021484375e+00,-2.219402313232421875e+00,7.859878987073898315e-02,9.060550928115844727e-01,7.846587657928466797e+00
-5.661604404449462891e+00,-2.325671672821044922e+00,1.757807284593582153e-02,7.482798099517822266e-01,7.782463073730468750e+00
-5.540591716766357422e+00,-2.507149696350097656e+00,-8.734055608510971069e-02,5.771372318267822266e-01,7.708515644073486328e+00
-3.488956451416015625e+00,-2.756006240844726562e+00,-2.317672669887542725e-01,3.066972970962524414e+00,7.625704288482666016e+00
-5.285608291625976562e+00,-3.065212249755859375e+00,-4.117512702941894531e-01,4.616276621818542480e-01,7.534893035888671875e+00
-5.152450084686279297e+00,-3.315109968185424805e+00,-5.237368941307067871e-01,2.142649173736572266e+00,7.436860561370849609e+00
-5.015989303588867188e+00,-3.511572837829589844e+00,-5.745239853858947754e-01,5.023360252380371094e-03,7.332307815551757812e+00
-4.876538753509521484e+00,-3.773668766021728516e+00,-6.702323555946350098e-01,-1.209522485733032227e-01,7.221866607666015625e+00
-4.899557590484619141e+00,-4.094550132751464844e+00,-8.063699007034301758e-01,-2.634929418563842773e-01,7.106106281280517578e+00
-8.469734191894531250e+00,-4.355036735534667969e+00,-9.788936376571655273e-01,-4.209720194339752197e-01,6.985539436340332031e+00
-4.891365051269531250e+00,-4.561110019683837891e+00,-1.084164977073669434e+00,-2.297493815422058105e-01,6.860627651214599609e+00
-4.863648414611816406e+00,-4.718157768249511719e+00,-1.228909134864807129e+00,-5.532420277595520020e-01,6.731787204742431641e+00
-4.822228908538818359e+00,-4.831031799316406250e+00,-1.409178853034973145e+00,-1.962304115295410156e-03,6.599392890930175781e+00
-4.768450736999511719e+00,-4.904102325439453125e+00,-1.521421670913696289e+00,-6.546621918678283691e-01,-2.357696075439453125e+02
-4.703524589538574219e+00,-4.941305160522460938e+00,-1.572440266609191895e+00,-5.696748495101928711e-01,7.241701660156250000e+02
-4.628540992736816406e+00,-4.946185111999511719e+00,-1.568356990814208984e+00,-4.066330194473266602e-01,6.494832992553710938e+00
-4.544482707977294922e+00,-4.921935081481933594e+00,-1.514682054519653320e+00,-1.421379148960113525e-01,6.484145164489746094e+00
-4.452234745025634766e+00,-4.871430397033691406e+00,-1.416374683380126953e+00,-6.888233423233032227e-01,6.458252429962158203e+00
-4.517434120178222656e+00,-4.911890029907226562e+00,-1.377897977828979492e+00,3.593694567680358887e-01,6.418648242950439453e+00
-4.559755325317382812e+00,-4.919701099395751953e+00,-1.293268918991088867e+00,5.002327442169189453e+00,6.366677761077880859e+00
-4.744105339050292969e+00,-5.012429714202880859e+00,-1.267102837562561035e+00,8.743304610252380371e-01,6.303552627563476562e+00
-4.893872261047363281e+00,-5.067352294921875000e+00,-1.193553328514099121e+00,9.081654548645019531e-01,6.230364322662353516e+00
-5.012471199035644531e+00,-5.088206291198730469e+00,-1.077358841896057129e+00,8.342140316963195801e-01,6.148096561431884766e+00
-5.264099121093750000e+00,-5.192599296569824219e+00,-1.022783756256103516e+00,8.565230965614318848e-01,6.057634830474853516e+00
-2.219877719879150391e+00,-5.371863842010498047e+00,-1.023666143417358398e+00,8.476919531822204590e-01,5.959777355194091797e+00
-5.950140953063964844e+00,-5.504794597625732422e+00,-9.744603037834167480e-01,5.133033394813537598e-01,5.855243206024169922e+00
-6.219297409057617188e+00,-5.595976829528808594e+00,-9.801750779151916504e-01,9.683114290237426758e-01,5.744679927825927734e+00
-6.445645332336425781e+00,-5.649540424346923828e+00,-9.353183507919311523e-01,1.092474818229675293e+00,5.628670692443847656e+00
-6.633416652679443359e+00,-5.669204711914062500e+00,-9.449473023414611816e-01,1.175452113151550293e+00,5.507740974426269531e+00
-6.786422252655029297e+00,-5.658319473266601562e+00,-1.003613352775573730e+00,1.221317529678344727e+00,5.382364273071289062e+00
-6.908096313476562500e+00,-5.619901657104492188e+00,-1.106412768363952637e+00,1.736325740814208984e+00,5.252966880798339844e+00
-4.806499481201171875e-01,-5.556668281555175781e+00,-1.148932218551635742e+00,1.331375956535339355e+00,8.413797607421875000e+02
-7.069514751434326172e+00,-5.471066951751708984e+00,-1.137199759483337402e+00,7.862473726272583008e-01,4.983609199523925781e+00
-7.114555358886718750e+00,-5.365301609039306641e+00,-1.176640510559082031e+00,-2.829853534698486328e+00,4.844306945800781250e+00
-7.138915061950683594e+00,-5.241356849670410156e+00,-1.162137269973754883e+00,1.523100256919860840e+00,4.702307224273681641e+00
-7.144630432128906250e+00,-5.101020812988281250e+00,-1.199084281921386719e+00,5.235729217529296875e-01,4.557862758636474609e+00
-2.990794181823730469e+00,-4.945903778076171875e+00,-1.182336568832397461e+00,5.921107769012451172e+00,4.411201477050781250e+00
-7.107285499572753906e+00,-4.777455329895019531e+00,-1.217263698577880859e+00,1.844328641891479492e+00,5.582094116210937500e+02
-7.067367076873779297e+00,-4.596982002258300781e+00,-1.298698067665100098e+00,1.909646511077880859e+00,4.112030029296875000e+00
-7.015122413635253906e+00,-4.405659675598144531e+00,-1.321989059448242188e+00,-2.150828361511230469e+00,3.959871292114257812e+00
-6.951759815216064453e+00,-4.204548358917236328e+00,-1.392950892448425293e+00,2.270823717117309570e+00,3.806202650070190430e+00
-6.878367900848388672e+00,-3.994601726531982422e+00,-1.406816601753234863e+00,3.163553953170776367e+00,3.651159524917602539e+00
-6.795927047729492188e+00,-3.776679039001464844e+00,-1.369295716285705566e+00,3.031307458877563477e+00,3.494863748550415039e+00
-6.705320358276367188e+00,-3.551554441452026367e+00,-1.285526990890502930e+00,-6.239418983459472656e-01,3.337424993515014648e+00
-6.607343673706054688e+00,-3.319924831390380859e+00,-1.260135054588317871e+00,2.681051015853881836e+00,1.866636962890625000e+02
-6.502713680267333984e+00,-3.082418203353881836e+00,-1.287282347679138184e+00,2.691276550292968750e+00,3.019504308700561523e+00
-6.392076015472412109e+00,-2.839599609375000000e+00,-1.261714935302734375e+00,7.350941896438598633e-01,2.859191656112670898e+00
-6.276011943817138672e+00,-2.591978549957275391e+00,-1.188704252243041992e+00,2.625198125839233398e+00,2.698076248168945312e+00
-6.155045986175537109e+00,-2.340013504028320312e+00,-1.072994709014892578e+00,2.183245658874511719e+00,2.536223411560058594e+00
-6.029649734497070312e+00,-2.084117889404296875e+00,-9.188560843467712402e-01,2.577353239059448242e+00,2.541013240814208984e+00
-5.900248527526855469e+00,-1.824663281440734863e+00,-8.301312923431396484e-01,4.887445449829101562e+00,2.528723001480102539e+00
-5.767225265502929688e+00,-1.678438305854797363e+00,-8.002789616584777832e-01,2.392966032028198242e+00,2.501032590866088867e+00
-5.732306480407714844e+00,-1.633743882179260254e+00,-8.234118819236755371e-01,2.567360162734985352e+00,2.459455251693725586e+00
-5.804481983184814453e+00,-1.564590930938720703e+00,-7.942315340042114258e-01,-8.361887931823730469e-02,2.570873737335205078e+00
-5.958623409271240234e+00,-1.589010119438171387e+00,-8.179692029953002930e-01,2.208984851837158203e+00,2.654718160629272461e+00
-6.241323947906494141e+00,-1.697310447692871094e+00,-8.893330693244934082e-01,2.472308874130249023e+00,2.713709831237792969e+00
1.716996765136718750e+01,-1.766037106513977051e+00,-9.035605788230895996e-01,1.278687119483947754e+00,1.094231109619140625e+02
-6.837060451507568359e+00,-1.914026021957397461e+00,-9.663652777671813965e-01,2.338106870651245117e+00,6.254070663452148438e+01
-7.142806053161621094e+00,-2.018532752990722656e+00,-9.728895425796508789e-01,2.353773355484008789e+00,2.914576110839843750e+02
-7.402182579040527344e+00,-2.198552608489990234e+00,-1.028761386871337891e+00,2.339053869247436523e+00,2.746668577194213867e+00
-7.777271747589111328e+00,-2.446239948272705078e+00,-1.129045963287353516e+00,2.296950101852416992e+00,2.713649511337280273e+00
-8.099211692810058594e+00,-2.640625953674316406e+00,-1.169302105903625488e+00,2.345504760742187500e+00,2.832474946975708008e+00
-8.373261451721191406e+00,-2.786990165710449219e+00,-1.155532717704772949e+00,2.360422134399414062e+00,-1.973401641845703125e+02
-8.604157447814941406e+00,-2.890087842941284180e+00,-1.093140244483947754e+00,2.460086107254028320e+00,3.151220798492431641e+00
-8.953189849853515625e+00,-3.068683147430419922e+00,-1.086987018585205078e+00,2.717168807983398438e+00,3.340398550033569336e+00
-9.251727104187011719e+00,-3.200843572616577148e+00,-1.031449079513549805e+00,3.398158550262451172e-01,3.655766487121582031e+00
-9.504764556884765625e+00,-3.405439615249633789e+00,-1.031464934349060059e+00,2.760188579559326172e+00,3.923567056655883789e+00
-9.716802597045898438e+00,-3.561051607131958008e+00,-1.081479191780090332e+00,2.819857835769653320e+00,4.148505687713623047e+00
-9.891894340515136719e+00,-3.672530651092529297e+00,-1.076492071151733398e+00,3.183690786361694336e+00,4.495030403137207031e+00
-9.410979270935058594e+00,-3.858499050140380859e+00,-1.122003674507141113e+00,3.056653976440429688e+00,2.393701019287109375e+02
-1.014548492431640625e+01,-3.997352123260498047e+00,-1.112964034080505371e+00,3.331591129302978516e+00,5.041377067565917969e+00
-1.140562725067138672e+01,-4.093754768371582031e+00,-1.054828405380249023e+00,3.471298217773437500e+00,5.250709056854248047e+00
-1.029061412811279297e+01,-4.266130924224853516e+00,-1.052506327629089355e+00,3.523418664932250977e+00,5.423041820526123047e+00
-1.032902431488037109e+01,-4.392759323120117188e+00,-1.000416517257690430e+00,3.915425539016723633e+00,5.722036361694335938e+00
-3.404290199279785156e+00,-4.592184066772460938e+00,-1.003535628318786621e+00,4.256352424621582031e+00,1.068762573242187500e+03
-1.064983177185058594e+01,-4.743206977844238281e+00,-9.563428759574890137e-01,4.269495010375976562e+00,6.187176227569580078e+00
-1.076335716247558594e+01,-4.850621223449707031e+00,-9.638693928718566895e-01,9.351301193237304688e-01,6.361931324005126953e+00
-1.084971046447753906e+01,-4.918743610382080078e+00,-9.206432700157165527e-01,4.561965465545654297e+00,6.503178596496582031e+00
-1.091157341003417969e+01,-4.951461791992187500e+00,-8.317397832870483398e-01,4.812441825866699219e+00,6.773878097534179688e+00
-1.095136260986328125e+01,-4.952277183532714844e+00,-8.017266392707824707e-01,5.009473323822021484e+00,7.001650333404541016e+00
-1.097125434875488281e+01,-4.924343109130859375e+00,-8.247147798538208008e-01,5.158354282379150391e+00,6.771863403320312500e+02
-1.097320938110351562e+01,-4.870499610900878906e+00,-8.954041004180908203e-01,5.263853549957275391e+00,7.344974040985107422e+00
-1.095899391174316406e+01,-4.793304443359375000e+00,-1.009024381637573242e+00,5.330265522003173828e+00,7.467794418334960938e+00
-1.093019866943359375e+01,-4.695060729980468750e+00,-1.061282753944396973e+00,5.366651535034179688e+00,7.562305450439453125e+00
-1.088825607299804688e+01,-4.692816257476806641e+00,-1.158315181732177734e+00,6.522144317626953125e+00,7.631301879882812500e+00
-1.083445739746093750e+01,-4.662106990814208984e+00,-1.295644283294677734e+00,5.331769943237304688e+00,7.677301883697509766e+00
-1.076996612548828125e+01,-4.720423698425292969e+00,-1.469240427017211914e+00,5.790411949157714844e+00,7.702573776245117188e+00
-1.069582843780517578e+01,-4.744289398193359375e+00,-1.575477004051208496e+00,5.313373088836669922e+00,7.869608879089355469e+00
-1.061298847198486328e+01,-4.737111091613769531e+00,-1.621089935302734375e+00,5.431879520416259766e+00,3.978040771484375000e+02
-1.052229595184326172e+01,-4.701956748962402344e+00,-1.612141609191894531e+00,5.510019302368164062e+00,8.108987808227539062e+00
-1.042451667785644531e+01,-4.641590118408203125e+00,-1.554088115692138672e+00,5.665810585021972656e+00,8.346511840820312500e+00
-1.048089981079101562e+01,-4.673324584960937500e+00,-1.551839947700500488e+00,4.677843093872070312e+00,8.544486045837402344e+00
-1.051569938659667969e+01,-4.673231124877929688e+00,-1.499816656112670898e+00,5.849635601043701172e+00,8.706821441650390625e+00
-1.053104400634765625e+01,-4.644455909729003906e+00,-1.402995705604553223e+00,5.885956287384033203e+00,1.954366912841796875e+02
-1.052884960174560547e+01,-4.704519748687744141e+00,-1.365856885910034180e+00,5.890061378479003906e+00,3.000655822753906250e+02
-1.051084423065185547e+01,-4.844233036041259766e+00,-1.382431864738464355e+00,6.342652320861816406e+00,9.013509750366210938e+00
-1.047858238220214844e+01,-4.941451549530029297e+00,-1.347349405288696289e+00,5.814047336578369141e+00,9.065192222595214844e+00
-1.043346500396728516e+01,-5.114440917968750000e+00,-1.365775108337402344e+00,5.822514057159423828e+00,9.095685005187988281e+00
-1.037675571441650391e+01,-5.241661071777343750e+00,-1.432358264923095703e+00,5.643458366394042969e+00,3.631173095703125000e+02
-1.030959033966064453e+01,-5.327644824981689453e+00,-1.442283153533935547e+00,5.528379440307617188e+00,9.101248741149902344e+00
-1.023299312591552734e+01,-5.376473903656005859e+00,-1.401215553283691406e+00,2.526548147201538086e+00,9.079897880554199219e+00
-1.321719169616699219e+01,-5.391824245452880859e+00,-1.314254760742187500e+00,5.670590400695800781e+00,9.044549942016601562e+00
-1.005510139465332031e+01,-5.491328239440917969e+00,-1.285989999771118164e+00,5.086144924163818359e+00,8.996581077575683594e+00
-9.955386161804199219e+00,-5.552349090576171875e+00,-1.310551643371582031e+00,4.911519050598144531e+00,8.937230110168457031e+00
-9.849415779113769531e+00,-5.578695297241210938e+00,-1.382657170295715332e+00,4.725471496582031250e+00,8.867612838745117188e+00
-9.737796783447265625e+00,-5.573796272277832031e+00,-1.397552132606506348e+00,4.529119491577148438e+00,8.788734436035156250e+00
-9.621077537536621094e+00,-5.540740966796875000e+00,-1.360957622528076172e+00,3.473952770233154297e+00,8.701500892639160156e+00
-9.499749183654785156e+00,-5.482311248779296875e+00,-1.378022551536560059e+00,3.247158050537109375e+00,8.606727600097656250e+00
-9.374257087707519531e+00,-5.401011943817138672e+00,-1.343381047248840332e+00,3.218468189239501953e+00,8.505149841308593750e+00
-9.244999885559082031e+00,-5.299099445343017578e+00,-1.262203693389892578e+00,4.276319980621337891e+00,8.397429466247558594e+00
-9.112338066101074219e+00,-5.178605556488037109e+00,-1.239144086837768555e+00,4.211457252502441406e+00,8.284162521362304688e+00
-8.976596832275390625e+00,-5.041359901428222656e+00,-1.268390417098999023e+00,4.284357070922851562e+00,8.165885925292968750e+00
-8.838068008422851562e+00,-4.889010429382324219e+00,-1.244712114334106445e+00,4.450962066650390625e+00,8.043083190917968750e+00
-8.697014808654785156e+00,-4.723041534423828125e+00,-1.173401713371276855e+00,3.891539573669433594e+00,7.916190624237060547e+00
-8.553673744201660156e+00,-4.544789791107177734e+00,-1.059222340583801270e+00,3.764257192611694336e+00,7.785600185394287109e+00
-8.408259391784667969e+00,-4.355458259582519531e+00,-9.064609408378601074e-01,3.593228101730346680e+00,7.651665687561035156e+00
-8.260963439941406250e+00,-4.156131744384765625e+00,-7.189757227897644043e-01,3.423408031463623047e+00,1.032117004394531250e+02
-8.111959457397460938e+00,-3.947786092758178711e+00,-5.002390742301940918e-01,6.885085105895996094e-01,7.375007152557373047e+00
-7.961403369903564453e+00,-3.846982717514038086e+00,-3.533760607242584229e-01,-2.323759555816650391e+00,-2.606622924804687500e+02
-8.673056602478027344e+00,-3.842630147933959961e+00,-2.711993157863616943e-01,3.634367942810058594e+00,-2.690617980957031250e+02
-7.656184673309326172e+00,-3.809957742691040039e+00,-1.472402811050415039e-01,3.645278930664062500e+00,1.385256805419921875e+02
